checking account status,Duration in month,Credit history,Purpose,Credit amount,Savings account/bonds,employment, Installment,status n sex, Other debtors / guarantors,residence,Property,Age in years,Other installment plans,Housing,existing credits no.,Job,liability responsibles,Telephone,foreign worker,node,percentage
0.0,0.0,0.0,0.0,0.0,0.0,0.0,0.0,0.0,0.0,0.0,0.0,0.0,0.0,0.0,0.0,0.0,0.0,0.0,0.0,507,20
0.0,0.0,0.0,0.0,0.0,0.0,0.0,0.0,0.0,0.0,0.0,0.0,0.0,0.0,0.0,0.0,0.0,0.0,0.0,0.0,818,20
0.0,0.0,0.0,0.0,0.0,0.0,0.0,0.0,0.0,0.0,0.0,0.0,0.0,0.0,0.0,0.0,0.0,0.0,0.0,0.0,452,20
0.0,0.0,0.0,0.0,0.0,0.0,0.0,0.0,0.0,0.0,0.0,0.0,0.0,0.0,0.0,0.0,0.0,0.0,0.0,0.0,368,20
6.558023693401496e-06,9.855402321967354e-07,7.890943224361571e-07,4.999969263157149e-07,3.925540985970981e-07,6.189851132654338e-07,4.905486343167094e-07,6.741893452391769e-07,4.237157542781159e-07,3.2000373986560633e-07,3.839578012346447e-07,5.091251491006034e-07,2.812747322375985e-07,4.0811821142716507e-07,5.349574066117262e-07,2.9292884719257396e-07,3.2327207174997123e-07,1.6238872093222201e-06,5.457586466029037e-07,2.3053605523586732e-07,242,20
0.0,0.0,0.0,0.0,0.0,0.0,0.0,0.0,0.0,0.0,0.0,0.0,0.0,0.0,0.0,0.0,0.0,0.0,0.0,0.0,929,20
1.3736250485782906e-08,2.1872586558567364e-06,4.675813179482582e-06,4.1666666666662077e-07,8.333333333332415e-07,4.578753327728233e-09,2.5879088815540736e-06,1.3333333333331865e-06,8.333333333332415e-07,4.1666666666662077e-07,8.333333333332415e-07,4.3269067937786597e-07,8.333333333332415e-07,4.1666666666662077e-07,8.333333333332415e-07,1.666666666666483e-06,1.2499999999998622e-06,4.1666666666662077e-07,3.3424835090823816e-06,4.1666666666662077e-07,262,20
0.0,0.0,0.0,0.0,0.0,0.0,0.0,0.0,0.0,0.0,0.0,0.0,0.0,0.0,0.0,0.0,0.0,0.0,0.0,0.0,810,20
0.0,0.0,0.0,0.0,0.0,0.0,0.0,0.0,0.0,0.0,0.0,0.0,0.0,0.0,0.0,0.0,0.0,0.0,0.0,0.0,318,20
0.0002673558938353026,6.450076690826627e-05,1.4349489815201956e-05,3.815375442852243e-05,3.513593849039424e-05,1.985568474987428e-05,1.8051517595853216e-05,1.705912476933767e-05,3.069675829062642e-05,3.454014522061915e-05,2.566898265951118e-05,5.1819918634261806e-05,2.042718246114004e-05,4.102676523852257e-05,5.671063803941302e-05,1.792562277770105e-05,2.6786609566516296e-05,2.594096022311319e-05,1.708644972353749e-05,2.270968011804768e-05,49,20
8.778503925905476e-06,1.3390714649106551e-06,8.773785682528997e-07,6.100409607671616e-07,5.760835352664781e-07,7.554679852098654e-07,6.062730083508372e-07,7.703328891007973e-07,5.960802722488516e-07,5.525432966980115e-07,5.317917727614335e-07,7.390136757824608e-07,4.125283347952201e-07,6.665079638429054e-07,8.879707556987314e-07,3.9544936909178624e-07,4.873735828653493e-07,5.499731247560077e-07,6.507213608275094e-07,3.767463221717411e-07,446,20
1.3812141372444692e-08,3.301512287798485e-08,3.5317192915239315e-08,2.3020257826885123e-09,4.604051565377025e-09,4.604050307439439e-09,1.920306158351367e-08,7.6929516156027e-09,4.604051565377025e-09,2.3020257826885123e-09,4.604051565377025e-09,1.8416171512429197e-08,4.604051565377025e-09,2.3020257826885123e-09,4.604051565377025e-09,9.20810313075405e-09,6.906077348065537e-09,2.3020257826885123e-09,2.7624261469040438e-08,2.3020257826885123e-09,142,20
0.00040848946977812563,0.0002901316885692113,0.0002771985349237071,0.00031702728903937024,0.00030927487647745486,0.00036640292252515766,0.0003400001546489893,0.0003285849792358747,0.00033279874898055947,0.0003123403219668597,0.00033130395874590886,0.0003009051102101653,0.0002871447761890113,0.00036460483581064783,0.00030827095059976874,0.0002649362009716781,0.0002998424117757701,0.0002586421182819653,0.0003348576606881839,0.0002689932626996494,968,20
0.0,0.0,0.0,0.0,0.0,0.0,0.0,0.0,0.0,0.0,0.0,0.0,0.0,0.0,0.0,0.0,0.0,0.0,0.0,0.0,345,20
0.0002631543357715448,4.932618041378693e-05,1.721216260653605e-05,3.227391369836586e-05,3.790554119514432e-05,1.8923325376031092e-05,2.085647719809799e-05,8.508118440175682e-05,5.383968177507962e-05,3.99662835592856e-05,3.33630466515125e-05,3.156803783633069e-05,5.899078281440504e-05,5.05770369816862e-05,7.02901880009973e-05,2.172860822472644e-05,2.3236725835225947e-05,5.7291670533977454e-05,1.6150230817638805e-05,2.7709629171397465e-05,971,20
0.0,0.0,0.0,0.0,0.0,0.0,0.0,0.0,0.0,0.0,0.0,0.0,0.0,0.0,0.0,0.0,0.0,0.0,0.0,0.0,133,20
0.0005567487772875422,0.000517993665526652,0.0005030248207154218,0.0005200046170562452,0.0005172590130608501,0.0004993727313921639,0.0005240007372845487,0.0005091308286176138,0.0005038397358977441,0.0005097068669365316,0.0005086290113916437,0.0005144682722097297,0.0005090018325540628,0.0005304689292565507,0.0005120072481448711,0.0004948258209500345,0.0005076135604571634,0.0005053532607876884,0.0005182484296154589,0.0004890965273457301,104,20
0.0005655406009904538,0.0005262346704282004,0.000511078030113717,0.0005282932738494422,0.0005255200381951686,0.0005074310896408369,0.0005323195813739592,0.000517269919698722,0.0005119007512992286,0.0005178359529286235,0.0005167672892740852,0.000522683603958901,0.0005171388770677625,0.0005388909887625885,0.0005201646214236244,0.000502784448313497,0.0005157446337197076,0.0005134221597413962,0.0005265316770539743,0.0004969735506832537,6,20
2.788855579615489e-05,7.916840253269187e-05,1.684290751530434e-05,4.184071606621414e-05,4.2932679279179456e-05,1.864600969076463e-05,1.4015506925260405e-05,8.415409755850679e-05,3.840505794452835e-05,4.6420025853497124e-05,6.035019512716248e-05,5.3958511292809564e-05,6.259187272668191e-05,4.961551722927458e-05,6.905484444308297e-05,2.139351316076932e-05,3.291368280698061e-05,3.3578170744420185e-05,1.5370214460285583e-05,2.741343504498153e-05,600,20
0.0,0.0,0.0,0.0,0.0,0.0,0.0,0.0,0.0,0.0,0.0,0.0,0.0,0.0,0.0,0.0,0.0,0.0,0.0,0.0,496,20
0.0005746866519477298,0.0005348087321717285,0.0005194575418719658,0.0005369171730556254,0.0005341154552408046,0.0005158170075262947,0.0005409743340451861,0.0005257385972096957,0.0005202882989643015,0.0005262939030236417,0.0005252352396612459,0.0005312314594727485,0.0005256054253945527,0.0005476531333998853,0.0005286518641728394,0.000511066150366322,0.0005242052367845705,0.0005218176409206182,0.0005351503220163566,0.0005051705090613019,702,20
3.198268414184707e-08,3.166400597353827e-08,3.5507916578347634e-08,2.3148148148145596e-09,3.1005776418617034e-09,4.629628364702991e-09,1.9304262294779075e-08,7.730207271490822e-09,4.629629629629119e-09,2.3148148148145596e-09,4.629629629629119e-09,1.8518483576387136e-08,3.1005776418617034e-09,7.857628270471439e-10,4.629629629629119e-09,9.259259259258238e-09,6.944444444443679e-09,2.3148148148145596e-09,2.7777729588312886e-08,2.3148148148145596e-09,472,20
0.0,0.0,0.0,0.0,0.0,0.0,0.0,0.0,0.0,0.0,0.0,0.0,0.0,0.0,0.0,0.0,0.0,0.0,0.0,0.0,598,20
0.0005842091892542256,0.0005437368143152562,0.0005281839227263313,0.0005458974246077132,0.0005430663296262109,0.0005245511665033305,0.0005499861283789474,0.000534557628260315,0.0005290229571978215,0.0005351014280822607,0.0005340536391144173,0.0005401327858651525,0.0005344222394472785,0.000556776759307561,0.0005374897458588438,0.0005196913108585339,0.0005330161422661094,0.0005305602766640543,0.0005441254968731935,0.0005137075939814178,502,20
0.000594132372773051,0.0005530416723954338,0.0005372794989670481,0.00055525694339473,0.0005523955284085359,0.0005336560192663736,0.0005593779033987016,0.0005437495563078909,0.0005381270646943378,0.000544281009934906,0.0005432450415633889,0.0005494103217266342,0.0005436118570422452,0.0005662850910630899,0.0005467008116804436,0.0005286820585179235,0.0005421999000757368,0.0005396723987088907,0.0005534801415385993,0.0005226067257730165,433,20
3.211648233438436e-08,5.198462290178902e-06,5.535655792873821e-06,8.356606145250476e-07,1.3364510199176413e-06,8.379878944451154e-07,1.6860718899887613e-06,8.411063597901741e-07,8.379878957168537e-07,8.356606145250476e-07,8.379878957168537e-07,8.519515477373809e-07,1.2531179985238346e-06,8.34124516214756e-07,1.6713202979513987e-06,8.426424581004658e-07,1.6736471135938566e-06,8.356606145250476e-07,2.9445800260632783e-06,4.1899418063310095e-07,119,20
0.0,0.0,0.0,0.0,0.0,0.0,0.0,0.0,0.0,0.0,0.0,0.0,0.0,0.0,0.0,0.0,0.0,0.0,0.0,0.0,108,20
0.0004107429598226467,0.00031950150929873635,0.00027760183153725966,0.0002891565802617419,0.00032221422007801064,0.0002927164427222647,0.00028819450814344667,0.00032977912873329344,0.0002760330685183894,0.0003127600675254986,0.0002642353101216146,0.00030185700692236025,0.0002803070589375606,0.00036665206585576775,0.00031367245309125416,0.00026493702462081507,0.000300595253445805,0.00025839350092770523,0.00029572953004938524,0.00026902835773714854,647,20
0.0006044824694090467,0.0005627480485291807,0.0005467685476278385,0.0005650206453066318,0.0005621279159918396,0.0005431559823447802,0.0005691746001503678,0.0005533388941460137,0.0005476249118070869,0.0005538570937450183,0.0005528339714215929,0.0005590887917372883,0.0005531987848397591,0.0005762033802056196,0.0005563095754314152,0.0005380624567341286,0.0005517810305486746,0.0005491782893171115,0.0005632391998447771,0.0005318917415443095,589,20
0.0,0.0,0.0,0.0,0.0,0.0,0.0,0.0,0.0,0.0,0.0,0.0,0.0,0.0,0.0,0.0,0.0,0.0,0.0,0.0,374,20
8.333333333332415e-07,0.0,0.0,0.0,0.0,0.0,0.0,0.0,0.0,0.0,0.0,0.0,0.0,0.0,0.0,0.0,0.0,0.0,0.0,0.0,910,20
0.0,0.0,0.0,0.0,0.0,0.0,0.0,0.0,0.0,0.0,0.0,0.0,0.0,0.0,0.0,0.0,0.0,0.0,0.0,0.0,718,20
0.0,0.0,0.0,0.0,0.0,0.0,0.0,0.0,0.0,0.0,0.0,0.0,0.0,0.0,0.0,0.0,0.0,0.0,0.0,0.0,744,20
3.949447077408728e-09,0.0,0.0,0.0,0.0,0.0,0.0,0.0,0.0,0.0,0.0,0.0,0.0,0.0,0.0,0.0,0.0,0.0,0.0,0.0,494,20
2.5884080704116256e-05,5.8023938325758174e-05,3.5461761078091443e-05,2.9905776015334246e-05,3.8842162071643634e-05,8.257903926536926e-05,9.292985486986845e-05,2.1946239916456493e-05,4.768565807186649e-05,3.7372458193802196e-05,2.9737511184642945e-05,3.2644338427386505e-05,5.105764381028821e-05,4.660981382111329e-05,6.17280863918568e-05,1.8305162159348942e-05,2.9574788100452548e-05,6.022399749113077e-05,1.599744891322963e-05,2.4031932588015453e-05,404,20
3.968253968253531e-09,0.0,0.0,0.0,0.0,0.0,0.0,0.0,0.0,0.0,0.0,0.0,0.0,0.0,0.0,0.0,0.0,0.0,0.0,0.0,274,20
0.000594263706963315,0.0005529231039222184,0.0005369662033433229,0.0005550762904842142,0.0005521523421388483,0.0005330946357444315,0.0005593277360344982,0.0005434791827808394,0.0005378338850055113,0.0005440859454104007,0.000542946563949757,0.00054917286742397,0.0005433414906431122,0.0005662322235061297,0.000546537926410115,0.000528229515476934,0.0005418664299793956,0.0005394426104751728,0.0005532112222982849,0.0005221179263350654,78,20
1.0983113640330666e-05,2.7741559414460224e-06,1.4181096545989257e-06,1.3960545572405153e-06,1.5017741603862587e-06,1.7461348777548329e-06,1.5968123843919689e-06,2.295811819072592e-06,1.6577061868872342e-06,1.5078159041897865e-06,1.4830819016169599e-06,1.6604945625601073e-06,1.7308209342438639e-06,2.78046508668801e-05,2.413487865389238e-06,8.725519877333136e-07,1.1469822060048135e-06,2.9802304118211118e-06,1.0572360223319923e-06,9.721448915973267e-07,721,20
3.225136602431606e-08,3.478316859107307e-06,5.150380288200679e-06,1.673686326973431e-06,1.3442865383182579e-06,4.2602901970780365e-07,1.6955419297994973e-06,4.2916698565518194e-07,2.0926919423370366e-06,8.403543981340484e-07,1.342692878666184e-06,1.2734011609869373e-06,8.434918946381463e-07,8.388111882575053e-07,1.6807059820515798e-06,8.473754577050099e-07,1.6830458644632298e-06,8.403543981340484e-07,2.9611110306702727e-06,4.2134784513430905e-07,644,20
0.00041381591037783377,0.0003139866574485104,0.000292947585109125,0.00030571527427960773,0.00032281965814965035,0.0002549915328823437,0.00034324857450648025,0.00028954370031007985,0.00027610459210292984,0.0003135904351366889,0.0002966850487449691,0.0003400830245700267,0.0002726726915523946,0.0003687129119035182,0.00031450290768496184,0.00026533793931272746,0.0003017581145503933,0.00025861748901658335,0.00029655143371877827,0.0002694648064723085,614,20
0.0,0.0,0.0,0.0,0.0,0.0,0.0,0.0,0.0,0.0,0.0,0.0,0.0,0.0,0.0,0.0,0.0,0.0,0.0,0.0,872,20
2.932240644051856e-05,7.671563230615252e-05,1.7086740439907066e-05,5.545759059575337e-05,4.731746833256963e-05,2.4077991755668715e-05,2.2179412115573047e-05,4.294439402824715e-05,4.147766812293261e-05,4.6161835096624855e-05,3.3642649239537e-05,5.695939514774326e-05,2.3230806787237653e-05,4.4504714871463735e-05,6.762454187528725e-05,2.237140684241335e-05,2.447812141520845e-05,3.0068452618253123e-05,1.9471660155062197e-05,2.9636625518004763e-05,691,20
0.000604949585858691,0.0005629400575575603,0.0005467553475005144,0.0005651513069491968,0.0005621939177069884,0.0005428906114653292,0.0005694391426634298,0.0005533726142074851,0.0005476324706262079,0.0005539670419396634,0.0005528390719042363,0.0005591588908883073,0.0005532324345156213,0.0005764690914345904,0.0005564533308754466,0.0005379040199587968,0.0005517502618104702,0.0005492506318135258,0.0005632798678367966,0.000531693327499918,90,20
0.0,0.0,0.0,0.0,0.0,0.0,0.0,0.0,0.0,0.0,0.0,0.0,0.0,0.0,0.0,0.0,0.0,0.0,0.0,0.0,101,20
2.9054176747083857e-05,8.063293739506348e-05,1.6723656733214792e-05,3.0587302579333365e-05,4.952240474246961e-05,7.088632882806334e-05,9.688985475844728e-05,2.6874582092261586e-05,5.4630980928734165e-05,4.5182783966956465e-05,3.157394096873985e-05,5.592923875625236e-05,7.76182573737503e-05,4.3511932577511366e-05,6.631102617397235e-05,2.1967941642671865e-05,3.63358724351204e-05,2.9384968361320928e-05,0.0001001864537254252,2.8948807838985547e-05,94,20
0.0006161265910478984,0.0005734188094441996,0.0005569969441838771,0.0005756911581740508,0.00057269915504524,0.0005531408076893825,0.0005800162946834227,0.0005637230472717103,0.0005578838255297113,0.0005643041310801253,0.0005631887036437375,0.0005696059853481303,0.0005635802654760688,0.0005871774958483111,0.0005668261186930362,0.0005480265156636694,0.0005620910230594396,0.0005595114853830041,0.0005738135720039059,0.0005417123703525223,577,20
2.878547439729496e-05,6.703478718365539e-05,8.498674421487189e-05,3.7982144805912585e-05,4.417551025041723e-05,1.9935327162566764e-05,9.530013990460519e-05,4.173216694571018e-05,4.081257527527364e-05,4.419925176110688e-05,3.0490342029917553e-05,3.517895819493943e-05,4.709195880931077e-05,4.251441226703341e-05,6.499199442837325e-05,2.1228928313649042e-05,3.570397750595172e-05,2.869801762104531e-05,9.868727272763187e-05,2.825744687936317e-05,537,20
3.9872408293456536e-09,0.0,0.0,0.0,0.0,0.0,0.0,0.0,0.0,0.0,0.0,0.0,0.0,0.0,0.0,0.0,0.0,0.0,0.0,0.0,41,20
0.0006278300153011529,0.0005843925998284664,0.0005677236057370985,0.000586729316906359,0.0005837014567503518,0.0005638780203013668,0.0005910927006795054,0.0005745634117415564,0.0005686205802694381,0.0005751300529127975,0.0005740284041088248,0.0005805473657646103,0.0005744179050522764,0.0005983913624511453,0.0005776892226546245,0.0005586293257189507,0.0005729216526407302,0.0005702577918568069,0.0005848458437093169,0.0005522070734347993,453,20
3.421740675298703e-05,4.831550237453874e-06,5.132068747813461e-07,1.2664733807519055e-06,1.3521919367888616e-06,4.284357226276106e-07,1.7051117236932199e-06,8.482507295632766e-07,8.545155050189936e-07,8.451012135422654e-07,8.506042997547512e-07,2.7805749979977463e-06,8.482507269040361e-07,8.435435811435117e-07,1.690197697868861e-06,8.521619321830521e-07,8.592226402312005e-07,8.451012135422654e-07,4.778654838753558e-07,4.2372810338487287e-07,995,20
1.6986688766129122e-05,8.585484789492499e-05,8.30543395519584e-05,4.127953830648692e-05,4.743899432971953e-05,1.925735055912873e-05,2.2957882377121277e-05,2.574466619520313e-05,5.354679014468119e-05,4.2794770288228e-05,2.9816901639558297e-05,5.5090588535997886e-05,2.3072602823078197e-05,4.151203028772236e-05,6.408346655892508e-05,5.238685074095129e-05,2.390909670558008e-05,2.8007510037138925e-05,2.17472235262694e-05,2.7562450316482926e-05,713,20
3.1734908750518365e-06,4.859627864954719e-06,5.161271407492736e-07,1.2736670934720059e-06,1.3602047686218086e-06,4.308697730767887e-07,4.6481243175356304e-07,4.3640637165731884e-07,8.593697357117095e-07,8.499019646405584e-07,1.3554332693762961e-06,1.29737261944029e-06,8.530709049715033e-07,1.7649988709910209e-06,1.6997972525210752e-06,4.403384937301786e-07,1.6974307887080509e-06,8.499019646405584e-07,2.9805420051063114e-06,4.2613540867222816e-07,34,20
1.922718020067825e-07,1.3822772713746892e-07,1.0242487078118095e-07,3.095229340784577e-08,3.499534266644051e-08,1.666663985186445e-08,5.080836842076802e-08,2.2237147091018048e-08,3.095229490467495e-08,2.142852835154508e-08,3.018857762594257e-08,5.480648437095155e-08,2.4618084606503085e-08,8.587543227973079e-07,4.285697054921216e-08,2.6190414447178575e-08,4.047603712151668e-08,2.142852835154508e-08,8.095175109785913e-08,1.190474845263186e-08,639,20
0.0,0.0,0.0,0.0,0.0,0.0,0.0,0.0,0.0,0.0,0.0,0.0,0.0,0.0,0.0,0.0,0.0,0.0,0.0,0.0,35,20
0.0,0.0,0.0,0.0,0.0,0.0,0.0,0.0,0.0,0.0,0.0,0.0,0.0,0.0,0.0,0.0,0.0,0.0,0.0,0.0,148,20
0.0004161995462691097,0.0003044982297256613,0.00027934528012846574,0.000298279906507798,0.00032500375455068683,0.0002547871938106428,0.000250050493528792,0.00029008058537514285,0.00027657825138343846,0.0003148339894963149,0.00029722469366075396,0.0003046917547728956,0.00028913892969839215,0.0003704642708587675,0.00031533986474156317,0.000265813106118611,0.00035014698527017856,0.0002585016469835033,0.0003467869480260104,0.00026956911491523466,455,20
1.2312222275267436e-05,5.2879846586980755e-06,3.027922991406944e-06,2.740188794562784e-06,3.050435519856546e-06,2.8419097570985133e-06,3.504661655767882e-06,3.3918815606805195e-06,3.1928704987394635e-06,2.922579104554797e-06,2.499315218432171e-06,3.397541537926663e-06,3.1111571807806574e-06,3.2966104973740758e-06,4.518524516983246e-06,1.8313188221460908e-06,2.124839294157905e-06,2.670603648191127e-06,2.9657539963995383e-06,1.8798534236945972e-06,885,20
1.1998339707675926e-05,5.746456247557721e-06,3.05188222652481e-06,2.762348813864968e-06,3.0752385852272567e-06,2.865043418703389e-06,3.532660337130007e-06,3.4192761758234233e-06,3.2183546891240533e-06,2.9458327510719187e-06,2.5193617352200064e-06,3.425869224227819e-06,3.1359757982866493e-06,3.322707394450125e-06,4.554462694388194e-06,1.8460391354481596e-06,2.1418599575356942e-06,2.691951741741144e-06,2.9897165182289783e-06,1.8946843708570615e-06,677,20
0.0006400986075321491,0.000595897927435416,0.0005789711441414286,0.0005983025380071746,0.0005952375015199057,0.0005751382662213494,0.0006027051530655609,0.0005859298675327971,0.0005798785665436716,0.0005864808678424575,0.0005853943502611958,0.0005920195047365096,0.0005857815041123288,0.0006101479416818537,0.0005890788045165296,0.000569747946469005,0.0005842783213810807,0.0005815253712124603,0.0005964134787341839,0.0005632125991616587,486,20
0.00041940423567110303,0.00031473681715406623,0.0002799046339480105,0.0002927429031249464,0.00031716154147688866,0.0003822968781138421,0.00029165210171095866,0.00028996404523552505,0.0003021735736082376,0.00031583899146412557,0.00034659688689588455,0.00030508536202317324,0.00030157153276126397,0.00037231455057513334,0.0003527000055604416,0.00026628630997500586,0.0003054542333736593,0.00040167456161565554,0.00034732257822630696,0.0002701566288980128,685,20
1.2512862392777913e-05,5.3768323208255355e-06,3.076220646894755e-06,2.78486531064844e-06,3.100442229629826e-06,2.8885510047642167e-06,3.561105358989215e-06,3.447111053370631e-06,3.2442448530484005e-06,2.9694559614379126e-06,2.5397287744811926e-06,3.4546626671330853e-06,3.161189626411942e-06,3.349217448090804e-06,4.590971863029192e-06,1.86099518813504e-06,2.159152498067058e-06,2.7136403073091653e-06,3.0140642576769376e-06,1.90974950656685e-06,307,20
0.0006529750042169797,0.0006079749564932282,0.0005907789709169429,0.0006104512684982394,0.0006073476535207998,0.0005869611862637752,0.0006148941381953809,0.0005978622083705593,0.0005916972172618682,0.0005983962589457778,0.0005973263550116182,0.0006040625395565473,0.0005977108464253651,0.0006224882239362407,0.0006010346583896712,0.0005814214442377268,0.0005962008359742203,0.0005933536424952428,0.0006085569704741738,0.0005747676469611538,238,20
0.0,0.0,0.0,0.0,0.0,0.0,0.0,0.0,0.0,0.0,0.0,0.0,0.0,0.0,0.0,0.0,0.0,0.0,0.0,0.0,395,20
0.0003327134592828101,0.00013879377402527097,0.00011514912694787382,3.943689731166068e-05,8.035815104264385e-05,3.329732400046001e-05,7.749112407227948e-05,0.00010547948262346182,5.761641485068721e-05,8.865268935135317e-05,0.000103377491925689,6.487157354296378e-05,8.134399205604774e-05,8.45322160476961e-05,0.0001314128621366644,4.259384599174423e-05,6.629067765834305e-05,8.347930011772647e-05,3.174237624384617e-05,5.563926616607058e-05,734,20
0.0,0.0,0.0,0.0,0.0,0.0,0.0,0.0,0.0,0.0,0.0,0.0,0.0,0.0,0.0,0.0,0.0,0.0,0.0,0.0,822,20
0.0,0.0,0.0,0.0,0.0,0.0,0.0,0.0,0.0,0.0,0.0,0.0,0.0,0.0,0.0,0.0,0.0,0.0,0.0,0.0,812,20
8.373389423076e-07,0.0,0.0,0.0,0.0,0.0,0.0,0.0,0.0,0.0,0.0,0.0,0.0,0.0,0.0,0.0,0.0,0.0,0.0,0.0,464,20
0.0006665062267674523,0.000620667986012834,0.0006031905582140609,0.000623220120334409,0.0006200764343869286,0.0005993905096700158,0.0006277043091924366,0.0006104043272108744,0.0006041200278239364,0.0006109199958691191,0.0006098683329520214,0.0006167207415426856,0.0006102498139668607,0.0006354574182898835,0.0006136006758345846,0.000593692912818761,0.0006087331047481405,0.0006057860847403789,0.0006213209835251392,0.0005869149065928702,816,20
1.56018373263997e-05,6.508646781162254e-06,3.9352044151389656e-06,2.969502751206523e-06,3.5558526586884774e-06,3.1366111949041343e-06,3.980859100338404e-06,4.176299310060703e-06,3.596331283126538e-06,3.5695889522815815e-06,3.2885884506036664e-06,3.907252532663245e-06,3.6438657076807894e-06,3.856421304425537e-06,5.446167195512828e-06,2.10229309279975e-06,2.5858443896044794e-06,3.1978626365486807e-06,3.1410834412126297e-06,2.2841852915781358e-06,528,20
0.0,0.0,0.0,0.0,0.0,0.0,0.0,0.0,0.0,0.0,0.0,0.0,0.0,0.0,0.0,0.0,0.0,0.0,0.0,0.0,17,20
0.0006807442568820109,0.0006340259926756776,0.0006162539722572857,0.0006366584173409097,0.0006334730692692425,0.0006124745915685888,0.0006411850329346167,0.0006236047546872669,0.0006171950897782916,0.0006241004715015672,0.0006230688391653896,0.0006300430590028315,0.0006234469252307377,0.000649105506300355,0.0006268253839147573,0.000606610002773309,0.0006219236765207404,0.000618870770208846,0.000634754901573898,0.0005997015826249433,709,20
0.0004220084817421765,0.0002993157452660586,0.000280544825116028,0.00029310200475117184,0.00032815343531224814,0.00038457277654761215,0.00029198983779070474,0.00029057963528957855,0.00030266103767548737,0.0003168586243054131,0.0003477699798138073,0.00035211864080732984,0.00030801961829162773,0.0003742672735999315,0.000319705997466676,0.0002661070169965331,0.00030608621301221974,0.0002640277145736715,0.0003076355523188728,0.00027074668447825564,370,20
8.413832489477891e-07,0.0,0.0,0.0,0.0,0.0,0.0,0.0,0.0,0.0,0.0,0.0,0.0,0.0,0.0,0.0,0.0,0.0,0.0,0.0,241,20
0.0,0.0,0.0,0.0,0.0,0.0,0.0,0.0,0.0,0.0,0.0,0.0,0.0,0.0,0.0,0.0,0.0,0.0,0.0,0.0,964,20
1.2135910623361599e-08,0.0,0.0,0.0,0.0,0.0,0.0,0.0,0.0,0.0,0.0,0.0,0.0,0.0,0.0,0.0,0.0,0.0,0.0,0.0,457,20
0.0,0.0,0.0,0.0,0.0,0.0,0.0,0.0,0.0,0.0,0.0,0.0,0.0,0.0,0.0,0.0,0.0,0.0,0.0,0.0,65,20
0.0,0.0,0.0,0.0,0.0,0.0,0.0,0.0,0.0,0.0,0.0,0.0,0.0,0.0,0.0,0.0,0.0,0.0,0.0,0.0,191,20
2.724623057917012e-05,9.100710963758942e-05,0.00011771662578661688,4.893912785531208e-05,9.509896781966354e-05,3.9287069912514205e-05,0.0001223183849159422,5.354354365516907e-05,8.251032776910707e-05,0.00010412512835189592,5.440727195635603e-05,5.950233090911943e-05,0.00014877745198137458,9.7081559575546e-05,0.00013228823608072912,8.904308212732059e-05,7.62761832791122e-05,6.755278957933528e-05,0.00011993886451193069,6.4997551821378e-05,838,20
0.0006957467044615465,0.0006481032611042963,0.0006300224926847273,0.000650820830195493,0.0006475921207984379,0.0006262670370191857,0.0006553910250695935,0.0006375172842509871,0.0006309757104067909,0.0006379913250435269,0.0006369816947924814,0.0006440837476147073,0.00063735596021346,0.0006634878849376053,0.0006407625698622611,0.000620225535979946,0.0006358263662255498,0.0006326609834714685,0.0006489134635021929,0.000613180003393382,331,20
0.0,0.0,0.0,0.0,0.0,0.0,0.0,0.0,0.0,0.0,0.0,0.0,0.0,0.0,0.0,0.0,0.0,0.0,0.0,0.0,638,20
0.0,0.0,0.0,0.0,0.0,0.0,0.0,0.0,0.0,0.0,0.0,0.0,0.0,0.0,0.0,0.0,0.0,0.0,0.0,0.0,255,20
0.0007115775858720489,0.0006629601183078954,0.0006445553342944552,0.0006657681163763562,0.0006624942278572075,0.0006408274282895875,0.0006703830899758454,0.0006522017006682299,0.000645521134753111,0.0006526521680752105,0.0006516667160315162,0.0006589031050220954,0.0006520366887293114,0.00067866611576848,0.0006554720090008537,0.0006345982218270668,0.000650500983987016,0.0006472159428412578,0.00066385750465909,0.0006274083306873238,742,20
0.00014117973809845287,0.00014213561722024068,0.00011604718533953005,3.9931201923238886e-05,0.00010486297589273662,3.751916414005624e-05,4.6375211352585893e-05,0.00010917152736068103,8.165094995440388e-05,0.00010298520302216145,0.00010615524775783766,6.535556335086459e-05,0.00015002078018076835,9.631965752492224e-05,0.00013149680171128134,0.0001057207000811478,4.801580272421701e-05,8.415069325710197e-05,4.425408091323588e-05,8.443607485486813e-05,756,20
0.0007283082343382324,0.0006786637928754809,0.000659918491426601,0.0006815679858062466,0.0006782469698633953,0.0006562221757644934,0.000686228986392123,0.0006677246322896271,0.0006608973903301511,0.0006681494339676728,0.0006671905670019344,0.00067456833023152,0.000667555722467069,0.0006947088013766001,0.0006710203163191987,0.0006497934951299337,0.0006660141880807506,0.0006626016443689975,0.0006796548240747694,0.0006424513900621875,757,20
0.0,0.0,0.0,0.0,0.0,0.0,0.0,0.0,0.0,0.0,0.0,0.0,0.0,0.0,0.0,0.0,0.0,0.0,0.0,0.0,951,20
1.2195110187377996e-08,0.0,0.0,0.0,0.0,0.0,0.0,0.0,0.0,0.0,0.0,0.0,0.0,0.0,0.0,0.0,0.0,0.0,0.0,0.0,992,20
1.2254890139276907e-08,0.0,0.0,0.0,0.0,0.0,0.0,0.0,0.0,0.0,0.0,0.0,0.0,0.0,0.0,0.0,0.0,0.0,0.0,0.0,463,20
0.0003232792147919845,8.971375205775788e-05,5.120372710944132e-05,0.00013666803175989276,0.00010367437516900769,3.64986548618737e-05,8.295028391394458e-05,5.391757513776408e-05,8.041694138434967e-05,0.00010150142304603211,5.476885994423215e-05,8.651269058615539e-05,0.00013580698446533405,6.183702403524227e-05,0.00012966709969009697,5.248177200038803e-05,7.665214484455033e-05,7.063534078705559e-05,0.00012237140537530935,6.802069276526033e-05,843,20
1.2315259056219158e-08,0.0,0.0,0.0,0.0,0.0,0.0,0.0,0.0,0.0,0.0,0.0,0.0,0.0,0.0,0.0,0.0,0.0,0.0,0.0,573,20
0.0,0.0,0.0,0.0,0.0,0.0,0.0,0.0,0.0,0.0,0.0,0.0,0.0,0.0,0.0,0.0,0.0,0.0,0.0,0.0,527,20
0.0007151811893170972,0.0006660137177245968,0.0006472744748830437,0.0006687569990589206,0.0006653884429940189,0.0006432157379378102,0.000673558802091005,0.0006550119062441045,0.0006482703062506696,0.0006555595088712819,0.0006544388997574658,0.0006617871971407309,0.000654846106034467,0.0006818784427552473,0.0006584335494439746,0.0006370936742969204,0.0006532234126641707,0.0006500532345180667,0.0006667258592261823,0.0006298233285664747,654,20
0.0,0.0,0.0,0.0,0.0,0.0,0.0,0.0,0.0,0.0,0.0,0.0,0.0,0.0,0.0,0.0,0.0,0.0,0.0,0.0,189,20
3.310731729765151e-05,5.556877417445035e-07,6.436179668282792e-06,1.6977843947459914e-06,8.685291008732119e-07,4.3342741556247634e-07,4.6776335360673853e-07,1.7723547161849207e-06,8.644572889539108e-07,8.548807038104144e-07,8.636918727215163e-07,1.305108258225884e-06,4.414251850002465e-07,8.636918709301015e-07,9.597570106617282e-07,1.2763330317900793e-06,8.740338496261506e-07,8.548807038104144e-07,3.4146851907872887e-06,4.2863863589715324e-07,517,20
0.00035670427110916973,0.0003007010781768077,0.0003164937073295383,0.00032837459844609214,0.0003253692853677889,0.0003676286428015731,0.00038741972488577615,0.00029226629655349965,0.0002983276184166091,0.00031791981106268365,0.000343162561857394,0.00030913797476289986,0.0003370038540672982,0.0003122112205041972,0.00032122758429662974,0.00030751993149040556,0.0002702458785553912,0.0002480088837759131,0.00030769930440115287,0.0002716318772262615,956,20
0.0,0.0,0.0,0.0,0.0,0.0,0.0,0.0,0.0,0.0,0.0,0.0,0.0,0.0,0.0,0.0,0.0,0.0,0.0,0.0,414,20
0.0004252252285922582,0.00029495611895356377,0.0002847116035463222,0.00037420831437618535,0.00031779253624112443,0.0002794829918549797,0.00034673400477230746,0.0003379169746053071,0.00029920321071652035,0.0003189549999318873,0.00027414356784340047,0.0003099070841139082,0.00029919575449928655,0.00037844743713804263,0.00032188207899472906,0.0003083987356563366,0.00030842706727986127,0.00024830376081023866,0.0003439440571938186,0.0002718957712489774,671,20
0.000298341029794151,0.0003226886900142838,0.0003203485489957987,0.0003160321002242412,0.0003320935705922927,0.0002741245002790009,0.000261973546152766,0.00033951079298160357,0.000300096048690174,0.0003200890784268543,0.00027439113196791264,0.0003488058961665559,0.0003001220005382193,0.00038085323804078306,0.0003233551094634512,0.0003089713767645397,0.0002724654804126482,0.00024794995197386597,0.00031415238890564775,0.000272569370274398,559,20
1.982593186340443e-05,9.27248799008861e-06,6.1915306516525155e-06,4.651810470729288e-06,6.105047269456728e-06,3.2690758552249422e-06,6.020411527631206e-06,5.659260983878693e-06,5.512599836800646e-06,5.9877209081525205e-06,4.948869834479343e-06,5.428336916469211e-06,7.358567898356197e-06,5.855145855377881e-06,8.51427669106273e-06,4.0361023326885385e-06,4.187898303963269e-06,4.959376995535084e-06,5.365810261923918e-06,4.028718121329439e-06,593,20
0.00034453115208295097,0.00015426316052523717,5.6274036087412996e-05,6.191103125335691e-05,0.00011251887974557539,5.788180046918747e-05,4.737499804839424e-05,0.00012188514003376421,7.920723164559394e-05,0.0001294092134018552,6.84250128462115e-05,9.99122830368783e-05,5.452875255719948e-05,0.00012928169337853967,0.0001439279851931653,6.603397183176831e-05,8.873360487066483e-05,8.956933463486976e-05,0.00015683774829017202,8.617959474960181e-05,258,20
0.0,0.0,0.0,0.0,0.0,0.0,0.0,0.0,0.0,0.0,0.0,0.0,0.0,0.0,0.0,0.0,0.0,0.0,0.0,0.0,154,20
0.0,0.0,0.0,0.0,0.0,0.0,0.0,0.0,0.0,0.0,0.0,0.0,0.0,0.0,0.0,0.0,0.0,0.0,0.0,0.0,335,20
3.9684399740839153e-07,1.8921861028314573e-06,6.0570128597001235e-06,8.742691073208441e-07,1.7902095411640021e-06,4.3593252580999613e-07,4.3037466230007515e-06,4.496154997117916e-07,2.119442314409735e-06,8.598212224674645e-07,8.686865269774349e-07,8.959948689508893e-07,3.027291389412115e-06,8.686865251756672e-07,1.7989653538864327e-06,1.2837084660784061e-06,8.7908505796636e-07,8.598212224674645e-07,5.178116068943766e-07,4.3111606810543976e-07,13,20
1.2376225685210342e-08,0.0,0.0,0.0,0.0,0.0,0.0,0.0,0.0,0.0,0.0,0.0,0.0,0.0,0.0,0.0,0.0,0.0,0.0,0.0,911,20
0.000732803783688233,0.0006825477079525056,0.0006634443302456251,0.0006853905247810581,0.0006819705603488108,0.0006594118029027442,0.0006902445104886852,0.0006713512394147586,0.0006644545277151412,0.0006718739562107945,0.0006707784015533235,0.0006782773146077263,0.000671181334590406,0.0006987713108238241,0.000674802663401061,0.0006530827716450952,0.0006695507068553686,0.0006662492068256402,0.0006833541884751736,0.0006456510996807022,156,20
0.00032143049458441915,0.0001685123272010653,5.464061808102892e-05,8.982308146208718e-05,0.00012949984739962637,4.55734513120036e-05,0.00014123815457721338,0.000121215863280392,9.242205383865626e-05,0.0001286927578520663,6.817493557627409e-05,9.72908626977506e-05,5.273038837836851e-05,0.0001285642466529157,0.00014133499312914672,6.535518284807082e-05,8.724052544276798e-05,8.875110086271245e-05,4.5842170217874395e-05,8.537391517256024e-05,428,20
0.00043286217302264504,0.00032365530803512774,0.00032112312025458123,0.00031724566169402234,0.0003296537562221373,0.0002743321999822705,0.00026184074633099435,0.000332042089606309,0.00032406291214725276,0.0003209284756881377,0.00027464765760706303,0.00031437994045778136,0.00031036981145163615,0.0003826593283943287,0.0003241369233097783,0.00031036379058021904,0.0003604882650853356,0.0002479963278561812,0.00035079628275290074,0.00027293326345374986,824,20
0.0003208269731435688,0.00011294545149107838,5.3632081388596225e-05,0.00011120276270318975,0.00012812996411027942,4.46311534096238e-05,4.864310668219886e-05,6.82375068646032e-05,7.798826810329122e-05,0.00012661421126290218,6.587949252328582e-05,9.57887896790718e-05,0.00012252697786466446,8.534617713181812e-05,0.00013929256991908616,6.435878300502641e-05,8.566832422000949e-05,8.752074367321058e-05,0.0001639866372325088,8.385665209023612e-05,267,20
3.0292171047147126e-05,1.262759959306211e-05,7.439153621835127e-06,6.765033741439613e-06,9.128376118186592e-06,4.50867341135374e-06,7.981666270582668e-06,8.053061282843562e-06,7.5173822187086454e-06,9.118462784700213e-06,6.565202935514138e-06,7.573874690326365e-06,9.024508005747447e-06,3.869833537787434e-05,1.2150766784817104e-05,5.5998991000202145e-06,6.311407081192627e-06,7.1142294971120525e-06,8.35550659871141e-06,6.105468337271965e-06,538,20
0.0,0.0,0.0,0.0,0.0,0.0,0.0,0.0,0.0,0.0,0.0,0.0,0.0,0.0,0.0,0.0,0.0,0.0,0.0,0.0,236,20
0.0,0.0,0.0,0.0,0.0,0.0,0.0,0.0,0.0,0.0,0.0,0.0,0.0,0.0,0.0,0.0,0.0,0.0,0.0,0.0,944,20
0.0007515216138767522,0.0007001122756293884,0.0006806245129503518,0.0007030615929941387,0.0006995877957661611,0.0006766229024932876,0.0007079693914868318,0.0006887109163776798,0.0006816497212857636,0.0006892062646729142,0.0006881386060888723,0.0006957967528187772,0.0006885366513711176,0.000716716278988025,0.0006921926420578929,0.0006700726720845198,0.0006868983778199247,0.000683456096667933,0.0007010208311572352,0.000662470082160244,479,20
0.00030096052445392654,0.00032370642928010495,0.00029180222779795885,0.0003723293200775822,0.00033453536094791973,0.00033419722141249473,0.00029652487598435964,0.0003042735858933273,0.0002993336133133228,0.00030401199717347473,0.00027040310226909186,0.00031787475636248013,0.0003068387819831949,0.000383138610710224,0.0003175398019926325,0.00027636884005830377,0.0002713673881535836,0.0002496214074989429,0.00033480929845390345,0.00027417312104373,785,20
8.159283372830463e-07,3.570137468904706e-06,6.092522050662347e-06,2.62932803719406e-06,1.384302348902813e-06,4.384667637899811e-07,4.958323331838097e-07,8.688953382820051e-07,2.215086980672906e-06,8.648191832710864e-07,8.737392837548067e-07,9.012079953126838e-07,1.7119068920003478e-06,8.737392819425657e-07,1.8097631336278445e-06,2.124494745299069e-06,5.508616620804747e-07,2.6148034371971728e-06,3.854071839302104e-06,4.336223062246178e-07,950,20
0.0007714412856034969,0.0007188078864515243,0.000698913639573849,0.0007218713872418434,0.0007183411362756669,0.0006949482691507489,0.0007268347046767761,0.0007071905022128806,0.0006999545535907896,0.0007076557097406067,0.0007066191312314388,0.0007144459304408673,0.0007070115965567801,0.0007358158678433323,0.0007107030330758589,0.0006881611527169897,0.0007053660338618472,0.0007017725251590562,0.0007198271018870558,0.0006803771417497949,59,20
0.00041816071191702695,0.0002963630212201875,0.0002923141111554449,0.00037391912724172845,0.0003183743377404415,0.00036774333372312056,0.00038976604145911603,0.0003302246330774384,0.0003004155417724692,0.000305184058366934,0.00027071256087903136,0.00031865708469364475,0.0003138959547506527,0.0003856894353823999,0.0003183897666985332,0.000307549117134177,0.00031562463858305126,0.0002493520408876444,0.0003248472887742741,0.0002742273366589047,868,20
0.00031804834000180945,0.00011188628749715467,6.97867417537778e-05,7.662082456869401e-05,0.00011320081007321916,0.00014024486676935793,5.8125021229037276e-05,8.592531965714287e-05,9.01242724426912e-05,0.0001628006090762275,0.00011781059441496503,8.398381026590252e-05,0.0001963275751425027,8.391095662585427e-05,0.00015500793950505728,8.15238350312935e-05,0.00016919278788312948,0.00011127009254133919,0.0001586021005708553,0.00010707549019003762,175,20
1.2437798947325816e-08,0.0,0.0,0.0,0.0,0.0,0.0,0.0,0.0,0.0,0.0,0.0,0.0,0.0,0.0,0.0,0.0,0.0,0.0,0.0,711,20
0.0007926836287768359,0.0007387484234872965,0.0007184235072161603,0.0007419346074521802,0.0007383450622672856,0.0007145004107831573,0.0007469552294899272,0.0007269028669380879,0.000719480877431085,0.0007273348293113623,0.0007263329082748838,0.0007343386833357853,0.0007267190119410087,0.0007561862862968394,0.0007304466812130045,0.0007074590662507641,0.0007250665972307162,0.0007213102902570196,0.0007398878536899159,0.0006994821000028723,449,20
4.042586071424337e-07,1.7486316094413193e-07,2.121145766386242e-07,6.174986369468187e-08,5.9444325945584e-08,2.4366410472674265e-08,8.207682539011721e-08,4.065433436254395e-08,6.174986230559887e-08,3.654957049191067e-08,4.5527575984753076e-08,7.31643962763256e-08,5.527407472369468e-08,4.552757416155164e-08,7.072778835655261e-08,5.36059488463911e-08,5.4440003312587465e-08,4.7130150174489324e-08,1.2670402014033649e-07,1.9493138251904103e-08,120,20
0.0008153861357528165,0.0007600634885419409,0.0007392813553823313,0.0007633817886399021,0.0007597298626084862,0.0007354073903655138,0.0007684615837360237,0.0007479764684747278,0.0007403559945137134,0.0007483716989349905,0.0007474084665241511,0.0007556045665839269,0.0007477873233267909,0.0007779597790089801,0.0007515520093221524,0.0007280925856995826,0.0007461285889981692,0.0007421966275301065,0.0007613338009928405,0.0007199099586493811,794,20
0.0,0.0,0.0,0.0,0.0,0.0,0.0,0.0,0.0,0.0,0.0,0.0,0.0,0.0,0.0,0.0,0.0,0.0,0.0,0.0,180,20
0.0,0.0,0.0,0.0,0.0,0.0,0.0,0.0,0.0,0.0,0.0,0.0,0.0,0.0,0.0,0.0,0.0,0.0,0.0,0.0,311,20
0.0,0.0,0.0,0.0,0.0,0.0,0.0,0.0,0.0,0.0,0.0,0.0,0.0,0.0,0.0,0.0,0.0,0.0,0.0,0.0,3,20
3.348928245037617e-05,1.3751255113514197e-05,8.164698623966561e-06,7.518835910023656e-06,1.0241604973178326e-05,6.007359666802465e-06,8.58987179852225e-06,8.908724993633561e-06,8.432457447189601e-06,0.0002156653911100253,7.690332549166168e-06,8.468247293377207e-06,1.0931777714032442e-05,9.77167515162931e-06,1.3681790997743515e-05,6.421691784319956e-06,7.882831284190343e-06,8.19649841970464e-06,9.839720887387589e-06,7.12827438728113e-06,194,20
0.000839705916145237,0.0007829011912778407,0.000761632607419461,0.0007863621110913311,0.0007826444405374978,0.0007578155890619713,0.0007915030334775357,0.0007705581196004625,0.0007627253979043606,0.0007709126893360517,0.0007699927022333398,0.0007783916445048451,0.0007703633067881639,0.000801287471298308,0.0007741657828267789,0.0007502059251151337,0.0007686988983796553,0.0007645769501710758,0.0007843143350823104,0.0007418035957194235,437,20
3.698398678951891e-05,2.3424625664672576e-06,6.546349864109061e-06,1.8120830816649322e-06,9.764522638824983e-07,4.4117395799137496e-07,4.992210885342222e-07,1.2908836122515125e-06,2.228743374426686e-06,8.700905483850409e-07,1.2957840494285915e-06,4.902586536460616e-07,2.2222342811326244e-06,8.791222828650513e-07,1.7377851638888812e-06,2.553888925190665e-06,8.880839825056115e-07,8.807326008018616e-07,4.710642476967462e-06,8.529372155435203e-07,683,20
0.0,0.0,0.0,0.0,0.0,0.0,0.0,0.0,0.0,0.0,0.0,0.0,0.0,0.0,0.0,0.0,0.0,0.0,0.0,0.0,799,20
0.0008658232999959156,0.0008074315505911178,0.0007856442139477855,0.0008110468274931983,0.0008072597356238533,0.0007818930763597311,0.0008162509196440581,0.0007948163624509662,0.0007867561166756678,0.000795125829337438,0.0007942542555580642,0.000802869893255509,0.000794615462329507,0.0008263428384772341,0.0007984564810905974,0.0007739646579145326,0.00079294616019113,0.0007886181906061212,0.0008090009577551953,0.0007653270538989722,746,20
0.0,0.0,0.0,0.0,0.0,0.0,0.0,0.0,0.0,0.0,0.0,0.0,0.0,0.0,0.0,0.0,0.0,0.0,0.0,0.0,625,20
0.0,0.0,0.0,0.0,0.0,0.0,0.0,0.0,0.0,0.0,0.0,0.0,0.0,0.0,0.0,0.0,0.0,0.0,0.0,0.0,692,20
0.0008493366239770597,0.0007914998898842915,0.0007696851995752517,0.0007949016330123741,0.0007910435173228954,0.0007654336767098542,0.0008003062521818654,0.0007787786391257839,0.0007708220116527933,0.0007792560821061963,0.0007781625071578806,0.0007867520448315629,0.0007785816513346255,0.0008101962301752547,0.0007825964855642884,0.0007579104474972048,0.0007767989395263087,0.0007727944217868605,0.0007926915258294493,0.0007493565854859107,551,20
0.0,0.0,0.0,0.0,0.0,0.0,0.0,0.0,0.0,0.0,0.0,0.0,0.0,0.0,0.0,0.0,0.0,0.0,0.0,0.0,248,20
0.0003069013532241341,0.0003267886808131805,0.0003195939478070171,0.0003269455832369259,0.00032006410533698187,0.0002862523815421041,0.00039264211348185793,0.000337986815538106,0.0003011341520149835,0.0003060724682406029,0.0003131351695440527,0.0003158992755707008,0.00032662022442800625,0.00038797662705687143,0.0003192745736021156,0.0002789943148417569,0.000316616296372681,0.0002494862680188269,0.0003421093971630489,0.0002750160871837627,659,20
0.0003386897761846437,0.00020533494500690324,0.00018723125950069686,0.00018964024445445384,0.0001904183301939523,7.288908003437469e-05,0.0001546119745031595,0.00013870704340868725,0.00015588619758299664,0.00015909433193783473,9.312275078157277e-05,9.662258356018586e-05,0.00021750405983124465,0.0001747040684130172,0.00017244942555811926,0.00010466860527953851,7.311653015468e-05,9.76886260982737e-05,8.153301128738634e-05,0.00013864642677709725,2,20
0.0,0.0,0.0,0.0,0.0,0.0,0.0,0.0,0.0,0.0,0.0,0.0,0.0,0.0,0.0,0.0,0.0,0.0,0.0,0.0,997,20
0.0008284411405880951,0.000771365878158751,0.0007495626078426777,0.0007745120651002101,0.0007705788504160744,0.0007447364832541686,0.0007801396087387153,0.0007585462910640632,0.000750726187761115,0.000759218508958168,0.0007578684328832207,0.0007664105131178611,0.0007583542527710989,0.000789774662295563,0.0007625636457733397,0.000737700302587998,0.0007564429361117189,0.0007528232451418995,0.0007721149777301442,0.0007292609905091398,860,20
0.0008564600334009082,0.000797650874014932,0.0007752662045539204,0.0008009545162252622,0.0007969387735231028,0.000770478588844447,0.0008066666845486042,0.0007845198782531699,0.0007764528806237306,0.0007851534908493744,0.0007838419301455599,0.0007926242435453458,0.0007843213143437192,0.0008166310557830994,0.0007885859491225536,0.0007631147479470017,0.000782396579391176,0.0007785694275781107,0.0007985480428452825,0.000754418490055407,776,20
0.0008869077193565142,0.0008262211264986963,0.0008032100319912416,0.0008296976306095202,0.0008255939448669884,0.0007984712097664033,0.0008354981193749791,0.0008127559345144078,0.0008044212464715355,0.0008133454831533073,0.0008120786750193901,0.0008211203700729942,0.0008125502782658518,0.0008458204736422289,0.0008168719433520617,0.0007907482173915058,0.0008106127257354054,0.0008065572013127194,0.0008272834260437804,0.0007817737213124307,857,20
0.00042617366124862006,0.0003412767824004159,0.0002960216003602392,0.0003454612177188974,0.00034446728531147843,0.0002867756783810603,0.0003057342086322498,0.0003115161579443325,0.00034601433720021476,0.0003069996890554832,0.00027290758660433387,0.0003600863425987776,0.00029351079722798456,0.00039039538502248046,0.00032059009234315433,0.000279610170832826,0.00031804080713260414,0.00024970806779841734,0.00033151146988571914,0.0002751931929604873,358,20
0.0,0.0,0.0,0.0,0.0,0.0,0.0,0.0,0.0,0.0,0.0,0.0,0.0,0.0,0.0,0.0,0.0,0.0,0.0,0.0,769,20
0.00011196189753031078,0.00010077374011186968,0.00018509603220274217,0.0001638346130866774,0.00014916635243763789,7.137179162088349e-05,0.00015265388915455992,0.0001370296640055896,0.00010576220973354993,0.00015724181494506824,0.00011691833524257381,9.538848475204654e-05,0.0001999298324723033,8.58147912028992e-05,0.00017056056039868305,0.00015134846835900071,7.181268675726176e-05,0.0001515436808348975,8.05879988148053e-05,0.00013661901886177387,73,20
6.352740511161067e-07,6.6880525199012725e-06,6.168689601063103e-06,1.739813451484738e-06,1.814222719647576e-06,7.027065998613802e-06,5.021623984436404e-07,2.2135329231948694e-06,1.3239931175642513e-06,1.2919004588387736e-06,1.30181072633496e-06,4.984901983284945e-06,9.024044484055366e-07,8.843107819455641e-07,1.4130865493990214e-06,1.3190123368312013e-06,8.933316825562794e-07,8.859368102523674e-07,5.719740964003534e-07,3.107965913584347e-06,117,20
6.392996819873878e-07,2.2930584310950978e-07,2.894979809043339e-07,8.353680502261358e-08,7.542515889869494e-08,7.03485731171946e-08,8.849708533616941e-08,6.042788840285297e-08,8.190282142652761e-08,4.9602916432300064e-08,5.9581735439851625e-08,9.943840814212538e-08,7.446248691154387e-08,5.6255467332192184e-08,8.855528294647357e-08,7.68843106550722e-08,6.532983505328187e-08,5.788946638200798e-08,1.5872756974660447e-07,4.385484676019329e-08,938,20
0.00022666422517873653,0.00017081425663642048,0.00018296142772993886,0.00018832490661701328,0.00018701149083895377,7.018090765833985e-05,6.204592395005887e-05,0.00013501853696333614,8.616625579906603e-05,0.0001549743967005066,0.00011513753427559861,0.00014527021789059958,0.00015350125468468882,0.00018237381164382338,8.424593585489848e-05,0.00010449382535057914,0.0001330220524111973,0.00014956781952889272,7.88945740011076e-05,0.00013458774675932165,535,20
1.2499987942062446e-08,0.0,0.0,0.0,0.0,0.0,0.0,0.0,0.0,0.0,0.0,0.0,0.0,0.0,0.0,0.0,0.0,0.0,0.0,0.0,111,20
0.0008593684714958655,0.0007997177878755119,0.0007767474155416934,0.0008028658806865838,0.0007986715272156738,0.0007712844898695912,0.0008089427800123047,0.0007861430948790716,0.0007779912336768205,0.0007869792543315963,0.0007853882407219785,0.0007943593807180432,0.0007859439567897515,0.0008189297234727222,0.0007905077051420274,0.0007641886465779082,0.0007838453379383908,0.0007802830042365869,0.0008002170407365233,0.0007553698083779684,509,20
1.2562801951821553e-08,0.0,0.0,0.0,0.0,0.0,0.0,0.0,0.0,0.0,0.0,0.0,0.0,0.0,0.0,0.0,0.0,0.0,0.0,0.0,512,20
0.0,0.0,0.0,0.0,0.0,0.0,0.0,0.0,0.0,0.0,0.0,0.0,0.0,0.0,0.0,0.0,0.0,0.0,0.0,0.0,916,20
1.2626250446527722e-08,0.0,0.0,0.0,0.0,0.0,0.0,0.0,0.0,0.0,0.0,0.0,0.0,0.0,0.0,0.0,0.0,0.0,0.0,0.0,555,20
1.2690343088388269e-08,0.0,0.0,0.0,0.0,0.0,0.0,0.0,0.0,0.0,0.0,4.1666666666662077e-07,0.0,0.0,0.0,0.0,0.0,0.0,0.0,0.0,552,20
0.00042950589602613193,0.0003481576831034273,0.00029679669175170875,0.00037669453749681085,0.00034615211916127087,0.00031281581837308385,0.00039930917209484644,0.00031240892117236367,0.000304880765105267,0.000308044093284508,0.00035426127424993464,0.0003231627031944095,0.0003440496073016837,0.0003925647947626478,0.0003560494941423453,0.000280257174562124,0.00031951221408483947,0.00024962645680551916,0.00034957143833711163,0.0002757911398115087,354,20
1.2755089736798413e-08,4.1666666666662077e-07,0.0,0.0,0.0,0.0,0.0,0.0,0.0,0.0,0.0,4.1879230442172256e-07,0.0,0.0,0.0,0.0,0.0,0.0,0.0,0.0,970,20
0.0008920953297044763,0.000830403304720775,0.0008067410556191492,0.0008337311261432168,0.0008294362390410988,0.0008013065762608402,0.000839915532608356,0.0008164548655305542,0.0008080131830992304,0.0008172509600704479,0.0008156980348056697,0.0008249537627119394,0.0008162481078484948,0.0008502868458058485,0.000820883520492908,0.000793835366947554,0.0008141296179231174,0.0008103319334278065,0.0008310654480050391,0.000784714074533534,8,20
0.00031898638230795195,0.00034472957279938756,0.0003268723559982504,0.0003149823965743507,0.00034147399215868866,0.0002900717223516555,0.0002824240473280979,0.00038230277343821967,0.0003058886766135942,0.00030921039401132907,0.00031892904883014123,0.0003680844874326672,0.00035473136100578587,0.00032299633658652415,0.0003255515842480254,0.0003149825433645656,0.0002813922251513519,0.0004444819863478149,0.000339095631748999,0.0002764973157937912,581,20
0.00010932083805501784,0.00020794617465958197,9.566159547830174e-05,0.00017427144061007814,0.00014396268006041364,0.00016256548718913242,6.858805496693873e-05,0.0001328028811172451,0.0001614425914675732,0.00015240736561521765,0.00011311482453257036,0.00014580848122977986,0.0002181902454476293,0.0001814712190143801,0.00017330276702106332,0.00010420295073009635,0.00021391582229867074,0.00014388346565505039,0.00017789089165945918,0.00013355444986610571,56,20
0.00010772519512271244,0.00020591124122272276,9.415740470321667e-05,0.00017237410744844412,0.0001819956388388038,7.316381881382027e-05,0.00015932144755898605,0.00013111288123126454,0.00010565285478998651,0.00015012823737919857,0.00011140323893353442,0.00010479139897803688,0.00011083209106615237,0.00017901100478527127,0.0001711325110592921,0.00010227999283701167,0.0001344522864303448,0.00014187516211234115,8.407603315556067e-05,0.00013151927921211743,576,20
0.0,0.0,0.0,0.0,0.0,0.0,0.0,0.0,0.0,0.0,0.0,0.0,0.0,0.0,0.0,0.0,0.0,0.0,0.0,0.0,705,20
0.00010653678521106025,0.00020462835547464656,9.223480003362618e-05,0.00014132721008355815,0.0001902327132218549,7.201047097135725e-05,9.084817740951437e-05,0.00012719068208354192,0.00016096900013744806,0.00014825918166459868,8.431131146051686e-05,0.00011467379990508068,0.0001806002701994362,0.0001768817149659069,0.00016929474428955762,0.00010043310866194681,7.517001165493902e-05,0.0001402791334209137,8.285152327642651e-05,0.00012956170045685684,651,20
0.0,0.0,0.0,0.0,0.0,0.0,0.0,0.0,0.0,0.0,0.0,0.0,0.0,0.0,0.0,0.0,0.0,0.0,0.0,0.0,84,20
0.00043256963474240366,0.000351857913337385,0.0003016903473166831,0.0003443059408907586,0.00034274999097906426,0.000282375338699673,0.00035485693255585845,0.0003008065670341974,0.00030125768484568394,0.0003101655811251267,0.00026783514426899856,0.00032225846039302304,0.000284022193826995,0.00039948702447599503,0.00031616186265638266,0.00028341221353184165,0.00032197117625744776,0.00025749537129909114,0.0003390686711633906,0.0002775719633770792,228,20
0.0,0.0,0.0,0.0,0.0,0.0,0.0,0.0,0.0,0.0,0.0,0.0,0.0,0.0,0.0,0.0,0.0,0.0,0.0,0.0,159,20
0.0,0.0,0.0,0.0,0.0,0.0,0.0,0.0,0.0,0.0,0.0,0.0,0.0,0.0,0.0,0.0,0.0,0.0,0.0,0.0,205,20
1.282050045339738e-08,4.18803205128159e-07,4.1666666666662077e-07,0.0,0.0,0.0,0.0,0.0,0.0,0.0,0.0,4.273503183324141e-09,0.0,0.0,0.0,0.0,0.0,0.0,0.0,0.0,125,20
0.0008551998584512294,0.0007949630792513894,0.0007714089081893869,0.0007978684263216466,0.0007934693913535127,0.0007650735226728562,0.0008043868889744833,0.0007809098460407407,0.0007727191389639452,0.000782015292353232,0.0007800568924756449,0.0007892013983892632,0.0007807118104933212,0.0008143100213899787,0.0007856416637548984,0.0007584117633811466,0.0007783951060728175,0.0007752289970579559,0.0007949129895603695,0.0007495087830803986,688,20
0.0008899973799333929,0.0008275529905533642,0.0008032336958668498,0.0008306397950047007,0.0008261243264395604,0.0007968904488731268,0.0008372925347037959,0.0008130792867700205,0.0008045770981996679,0.0008141537204482802,0.000812219917843862,0.0008216762116962108,0.0008128731553192141,0.0008476237049411112,0.0008178956650732082,0.0007898465158159545,0.0008105256461988929,0.0008071253592638588,0.0008276529131183491,0.0007806165644405091,887,20
0.00036513053029271964,0.00018945827634893035,8.532492858481498e-05,0.00017314870304682803,0.00017289119555335847,0.00016739459697962173,7.046581694962696e-05,0.00011501524735087532,0.0001392444400090132,0.00013167521153517782,0.00011971716787677146,0.00010719170990249681,0.00014992191291445255,0.00015740547714219414,0.00015932178311532348,9.544482171752615e-05,0.00019562773994995472,0.00010435769593203786,0.00017509676825093584,0.00011452092093222463,473,20
0.0004360916854041846,0.0003469842596948542,0.00033242700670233025,0.0003757200327155364,0.00034146446749159045,0.0003191818558365468,0.000304019894553539,0.00030140591607479667,0.00030859922167288795,0.00031138001956788376,0.00031515273687954617,0.00035403744129279915,0.0003185194973566463,0.00040225226705027867,0.0003174153771822169,0.00028383242768062955,0.0002782379492662241,0.00043122477897592133,0.0003406967861821165,0.00027792178632363303,244,20
0.0,0.0,0.0,0.0,0.0,0.0,0.0,0.0,0.0,0.0,0.0,0.0,0.0,0.0,0.0,0.0,0.0,0.0,0.0,0.0,597,20
0.00036570516181376846,0.00018014942927293336,0.00017182562187662725,0.0001280751410214843,0.00017139494663394582,7.088514852706358e-05,5.9788438688364434e-05,0.00012610131336208876,9.378081323798169e-05,0.00012961093007115697,0.00011812320506881095,0.00010574684569266976,8.178233066110651e-05,0.0001554785081515926,9.075320312058198e-05,0.00014219905820304994,7.421442017958613e-05,0.0001491490585586609,9.005994482373679e-05,0.00011312108882707847,797,20
0.0009286214924078642,0.000863738595952377,0.0008385794639133764,0.0008670298959661746,0.0008623882405246761,0.0008322396777982965,0.0008738252930707482,0.0008488055636348179,0.0008399587034669236,0.0008498418686926339,0.0008479404534045033,0.000857739881483648,0.0008485904441442706,0.0008846095802833177,0.0008537105363155429,0.0008247661262495787,0.0008462118373249931,0.0008425464833336791,0.0008640124416268817,0.0008151749682723045,195,20
4.321558266514648e-05,2.3139115381361365e-06,2.8743669627794217e-06,3.167295893760764e-06,1.4091922076532716e-06,4.874356948586096e-07,3.0889569550818253e-06,1.310776463221774e-06,2.665671161694824e-06,8.832232932292553e-07,1.309924256817522e-06,9.333640510663419e-07,9.082309409296521e-07,8.899171540891444e-07,2.2557033349169346e-06,1.7439804245369986e-06,1.315702557385517e-06,8.915592024064569e-07,6.596460986292027e-07,8.774447732799568e-07,202,20
0.0003663355046444669,0.0001715146854582646,8.64156457469612e-05,0.00015451024540707726,0.00016941198789365502,0.00013422662920007123,0.00023779035082344423,0.00011732650762538638,0.0001389243957809769,0.00012795622642100971,9.526936943018715e-05,0.00010421878153910435,0.00019242783301072478,0.00011962661570309972,0.00016026040154939642,9.526404814066222e-05,0.000123025669236698,0.0001475687758177657,0.00018311760454486686,0.0001109731936162366,81,20
0.0009717575942237901,0.0009041651271302987,0.00087807900697976,0.0009076883966586779,0.0009029093600745625,0.0008717572544060552,0.0009146356921020784,0.000888727688488486,0.0008794971283711929,0.0008897171027004934,0.0008878577701080075,0.0008980369983861217,0.0008885025288414986,0.0009259262706719923,0.0008937254837696673,0.000863797598176892,0.0008860927892144418,0.0008821254310874154,0.0009046418331946707,0.0008538050385602232,484,20
0.0010202650229435136,0.0009496417528366535,0.0009225260524397278,0.0009534300770071709,0.0009485007075037263,0.0009162411776535173,0.0009605394877712,0.0009336471507414043,0.0009239865595821401,0.0009345787881389614,0.0009327737044494602,0.0009433760212149778,0.0009334106982115632,0.0009723996850599312,0.0009387421557642082,0.0009077275072403496,0.0009309701638803274,0.0009266561989602368,0.0009503566780961455,0.0008972859067736131,443,20
9.204235946316738e-07,2.446741267062542e-07,3.0893281542083603e-07,1.0383985077139574e-07,8.475876199858876e-08,7.372017385899866e-08,1.0800004528552538e-07,6.869996798355928e-08,9.881987821629299e-08,5.5220562132359494e-08,6.784011641961331e-08,1.0569849921838916e-07,8.03901349351996e-08,6.196026922445207e-08,1.0304948486395514e-07,8.785060192072478e-08,7.36504487391122e-08,6.361044651034122e-08,1.640096730266066e-07,4.9410258616937744e-08,578,20
1.2886585507280872e-08,4.209617686580953e-07,2.1477663230238184e-09,0.0,0.0,0.0,0.0,0.0,0.0,0.0,0.0,4.2096176866371425e-07,0.0,0.0,0.0,0.0,0.0,0.0,0.0,0.0,201,20
1.2953355380375591e-08,4.231426996035939e-07,2.15889464594104e-09,0.0,0.0,0.0,0.0,0.0,0.0,0.0,0.0,6.476680610682245e-09,0.0,0.0,0.0,0.0,0.0,0.0,4.1666666666662077e-07,0.0,186,20
0.000330143973382787,0.00036207356310639016,0.0003267647657435701,0.0003250775830374393,0.00034672298025084603,0.0002860220019161719,0.00027415215014261975,0.0003509815236066884,0.00030451507884087653,0.00031265615862300744,0.00036481888496388217,0.00035599421934028996,0.000333805640162201,0.0004047249347875696,0.00031834782999030204,0.0002847596550010406,0.00027907457877112936,0.00043469042562556143,0.0003423980960885601,0.00040519607061439587,516,20
0.00038105667420735884,0.00035101425789406046,0.0003080897078449904,0.00035384870805341443,0.0003465568816917628,0.0002865582555351289,0.0003065603781868937,0.00033794970281402967,0.0003494352003368525,0.00031369013891185157,0.00031934688896606664,0.0003326831364446974,0.0002911852555635484,0.0004076689061579689,0.00031972906160261357,0.00028535541391064756,0.00032767320743763706,0.0002713061884953735,0.00034456053598412866,0.00028487471587641453,821,20
4.574307768220499e-05,6.329063329929567e-06,1.14408944051136e-06,2.6877325678842988e-06,2.2518985252152396e-06,4.908327135910064e-07,6.10847914356964e-06,4.85782587283823e-07,1.4327175243637715e-06,1.3055385656360894e-06,9.849018369589287e-07,1.3563227125138763e-06,3.9141306945453555e-06,3.06228717523579e-06,1.436973648879155e-06,1.0050231815687757e-06,3.074038166571727e-06,1.313978058752625e-06,4.831472298168469e-06,1.299697388163398e-06,967,20
0.0,0.0,0.0,0.0,0.0,0.0,0.0,0.0,0.0,0.0,0.0,0.0,0.0,0.0,0.0,0.0,0.0,0.0,0.0,0.0,216,20
0.0,0.0,0.0,0.0,0.0,0.0,0.0,0.0,0.0,0.0,0.0,0.0,0.0,0.0,0.0,0.0,0.0,0.0,0.0,0.0,50,20
0.0010752356393263426,0.0010011968380455117,0.0009729295425783017,0.0010052904958752166,0.0010001956723359687,0.0009667060718077068,0.0010125733456997632,0.0009845827122851852,0.0009744365024430138,0.0009854429110971955,0.0009837074881384423,0.0009947845344715454,0.0009843334592158585,0.0010250793936359475,0.000989779406125024,0.0009575558502430805,0.0009818630071241714,0.0009771479856782372,0.0010021936552756915,0.0009466081472090872,783,20
0.00043315539894184414,0.0003266470040928102,0.0003044236422984028,0.0003229677263589959,0.00032952266689824676,0.00026717236721973876,0.0004019456517082192,0.00034195023440413016,0.0003086043240336522,0.0003144875035947395,0.0003590492222598509,0.0003323136172200267,0.0003379178908400242,0.0003878808175567308,0.0003211150962076476,0.000286563975191672,0.00036717216061352836,0.000272672770227218,0.0003428713471516087,0.00028607024404914854,672,20
0.0,0.0,0.0,0.0,0.0,0.0,0.0,0.0,0.0,0.0,0.0,0.0,0.0,0.0,0.0,0.0,0.0,0.0,0.0,0.0,531,20
0.0,0.0,0.0,0.0,0.0,0.0,0.0,0.0,0.0,0.0,0.0,0.0,0.0,0.0,0.0,0.0,0.0,0.0,0.0,0.0,314,20
0.0011380776457056716,0.0010601570189493204,0.0010305913225795724,0.001064605652339525,0.0010593275396107325,0.001024461445105429,0.0010720745169255615,0.0010428488267325165,0.001032149501344371,0.001043620243344888,0.0010419742186288262,0.0010535883276457788,0.0010425849366258143,0.0010853192965306771,0.0010481516623702747,0.0010145731211185036,0.0010400862236990853,0.0010349028548048249,0.0010614903273966072,0.001003050148614403,200,20
0.0,0.0,0.0,0.0,0.0,0.0,0.0,0.0,0.0,0.0,0.0,0.0,0.0,0.0,0.0,0.0,0.0,0.0,0.0,0.0,223,20
1.2211801484729345e-06,7.196794315388719e-06,1.151005186940235e-06,1.8711322707060438e-06,2.3475543515804152e-06,4.937990724901957e-07,9.799044173217473e-07,4.870431173023661e-07,2.6917456544231398e-06,2.730131687216128e-06,2.6578770473826512e-06,1.8644868746369217e-06,9.383981607828359e-07,1.3313303048402356e-06,3.1109916679818187e-06,1.3448397352696085e-06,1.0098317032609784e-06,1.3219811583925452e-06,6.931024114164616e-07,8.909463094501396e-07,587,20
4.7825765520108516e-05,2.67062935530066e-05,1.785884726248965e-05,1.9817923830988254e-05,2.242851955966e-05,1.0470688550147017e-05,1.7050893618019684e-05,1.7927143666865032e-05,1.757027982287986e-05,2.3477304447238415e-05,1.4970700605906002e-05,1.6089013632537002e-05,2.33643316001156e-05,2.140143419997413e-05,2.4611564328406398e-05,1.4389608405187992e-05,1.683805361041415e-05,1.9044518044345424e-05,1.7933438451078774e-05,1.6163747781975305e-05,983,20
0.00023906791125572903,0.0002028275908372273,0.00011070129617196045,0.00018840292212480363,0.0002029889004737852,8.577137917772739e-05,0.0002542807670255831,0.00012149615752006805,0.0001832813401407914,0.00016678664575566843,0.00012321360686356572,0.0001628650601884096,0.00020532266830149804,0.00020879283716399613,9.93555673521013e-05,0.00012311978427288734,0.00023730736306069416,0.00013440334850210094,0.0001738456778023981,0.00013996091715138458,699,20
1.2291025463767305e-06,5.075526414335946e-06,9.24070391796002e-06,1.383003183633142e-06,1.862715850808371e-06,4.968354736902562e-07,6.15236686453993e-06,6.323230194612487e-06,1.7919901135372033e-06,1.3309627770274502e-06,1.7579014915079578e-06,5.126147772356411e-06,1.777471127405031e-06,3.1727785609676946e-06,1.4638283445645608e-06,2.686381203924721e-06,1.3497226306344744e-06,1.3300908525937316e-06,4.86418258787871e-06,8.964147734789331e-07,826,20
0.0001278695660186312,0.00019372311087811528,0.00010924935756980827,0.0001771180752714185,0.00019620884357248868,8.388697635167753e-05,0.00011528720952197178,0.00011939272309359621,0.00023019532012498234,0.00014006215267805205,0.00011397640618852031,0.0001394581543946967,0.00011599385476723743,0.00020687482944976507,0.0002147284682481767,0.00012136658926786846,9.111547610726181e-05,0.0001324079430461668,0.0001234095138280211,0.00013834682458746728,233,20
0.00043743000955152596,0.00035345155541530865,0.0003056379095790681,0.0003242458806273677,0.0003515104764414158,0.0004031146628966772,0.00040556534311116956,0.00031469625381128237,0.00031295753798318414,0.0003162725769890979,0.0003613137915729717,0.00033759007320458413,0.000363840269096357,0.0003905297589583694,0.00036670201817286816,0.0002872111704767099,0.0003693142741461519,0.000273182821378451,0.00034459671739731643,0.00028678534780091514,584,20
0.0003751445190692932,0.000160285977341058,0.00020384174908287273,0.00017525964484392946,0.00019685831096394573,8.240854292295448e-05,0.00011390445224915108,0.00011803000175575893,0.00011486486659565327,0.00017491131688451535,0.00011229577418525235,0.00016672758239749674,0.00017064378783113496,0.00020496518030806913,0.0002128958920833283,0.00011994422903582862,0.0001646993771663622,0.00013041009540648514,0.00018270516368413056,0.00013632027688474785,974,20
0.0,0.0,0.0,0.0,0.0,0.0,0.0,0.0,0.0,0.0,0.0,0.0,0.0,0.0,0.0,0.0,0.0,0.0,0.0,0.0,430,20
0.00034669669433724413,0.0003554868272961512,0.00030661814940357896,0.00034663110253067885,0.0003501733935483524,0.0002744166665007669,0.000314123827496941,0.0003480599322411471,0.000312497522693601,0.0003371062688597799,0.00028757244764010493,0.00033877001763394656,0.0003132929010043828,0.00039365952755371445,0.0003264580306861015,0.0002879965229825917,0.00029283331607228655,0.0004329732268068523,0.00035719532947756484,0.00028787348101500703,874,20
0.00044799165076044706,0.0003576289499416785,0.00033622046467394594,0.0003801271305137234,0.00035803006155011685,0.00041325512454375764,0.00036592844079504474,0.00032084828173741106,0.0003170382021406254,0.000321253703914546,0.0003678311135286664,0.00036828173537520954,0.00029605206070039674,0.00039624107247718927,0.0003281917147026365,0.00031989911833370016,0.00033339971379267217,0.0002811758220162175,0.00035913304119333626,0.0002887995167724696,550,20
0.00037518993386639985,0.0001921556889256109,0.00011091612655513513,0.00017374013344601837,0.0001991735717019448,8.092542181264281e-05,7.969071908742135e-05,0.0001163361348628515,0.00018624402059235935,0.0001728299879372401,0.0001589552618828174,0.00014265936636790114,0.00016887501379085542,0.00020265128138533418,0.00021066148769780898,0.0001181905128248621,0.00016245427408175138,0.00012882287566192544,0.0001292692541965353,0.00013437289722457627,608,20
0.0001396664555077784,0.00020824571259792186,0.00020632194219779318,0.0001835842648425819,0.00019679671065918195,7.943740937232284e-05,0.00018728237719659423,0.00011464057834845347,0.0001842123768847432,0.00017149582046824336,0.00011636134886958672,0.00013915445304323916,0.00012068246042897155,0.0002007550134944709,0.00020843443932562624,0.00011684856587660656,0.00016095526343776434,0.00012715529741429046,0.00012784935657317775,0.00013275648123278508,207,20
0.00045247376984031053,0.00034353204142076625,0.00031127846868607607,0.0003343449964453133,0.0003595303410807225,0.00041740395902163034,0.00036872187194836184,0.00032224769493096933,0.0003180930902338189,0.0003224202126866644,0.00037054553857293073,0.00034425460079221047,0.0003039445686948474,0.0003993861279378299,0.00035849202558348365,0.00029184210629011696,0.00033508282653525213,0.00028174760565981326,0.0003619297266066858,0.00028980469805508027,382,20
0.0012106382268810365,0.0011282629234691715,0.001097219847499705,0.001133128569231659,0.0011276458841600742,0.0010912262522711378,0.0011407974318815824,0.0011101704128909824,0.0010988348924271182,0.0011108307379378837,0.0011092997099651902,0.0011215271318391782,0.001109889617829215,0.0011548956709880789,0.0011155836156176548,0.00108047313382908,0.0011073654378246141,0.0011016293975921717,0.0011300019274212937,0.0010682899094083386,994,20
0.000253355911342594,0.00018042850236626182,0.0001123626881046505,0.0001388361990591636,0.0001932723768437026,0.00010865677148762125,0.00011341093118939573,0.000235306485858854,0.00011687870856882953,0.00016942601713388597,0.0001625554226698182,0.00017296113867838086,0.00013422962052926188,0.00013875745907487223,0.00020662636334835052,0.00011476279618509702,0.0002535809503404454,0.00012556810792347436,0.00020388147203203889,0.00013114104533121256,982,20
1.3020820772981714e-08,4.2534634744387323e-07,2.1701388888886497e-09,0.0,0.0,0.0,0.0,0.0,0.0,0.0,0.0,6.510413322196215e-09,0.0,0.0,0.0,0.0,0.0,0.0,4.188365885416205e-07,0.0,47,20
0.0,0.0,0.0,0.0,0.0,0.0,0.0,0.0,0.0,0.0,0.0,0.0,0.0,0.0,0.0,0.0,0.0,0.0,0.0,0.0,521,20
0.0,0.0,0.0,0.0,0.0,0.0,0.0,0.0,0.0,0.0,0.0,0.0,0.0,0.0,0.0,0.0,0.0,0.0,0.0,0.0,636,20
0.0004571734144917165,0.0003416871030577604,0.0003129986750226339,0.00036961408240841916,0.00035846491885880845,0.00033385642679713344,0.0004211954941576576,0.0003486914857295895,0.0003191596594236863,0.00032406499819078686,0.00029857365549096967,0.00034538555842632637,0.000323046218257983,0.00040230787566221263,0.00033393727451531074,0.0002929652309286669,0.00033725153170441466,0.00045135006537441367,0.0003671839317383632,0.00029059179118325485,19,20
0.00046175337464163854,0.0003562488493536668,0.0003449513436097058,0.00034793616521952,0.0003599526520945569,0.0002945407435582187,0.0003755645744764923,0.00035075202303550034,0.00032081715948803773,0.00032589467884447236,0.0003466816782407502,0.0003477460673750772,0.0003132700552489799,0.00040574296047186193,0.0003354906154724598,0.00032641815425942845,0.0003392450413728233,0.00029068552141684183,0.0003712134621064707,0.0002915424196334984,366,20
0.0,0.0,0.0,0.0,0.0,0.0,0.0,0.0,0.0,0.0,0.0,0.0,0.0,0.0,0.0,0.0,0.0,0.0,0.0,0.0,340,20
1.3088992609489472e-08,1.0907493059590534e-08,2.1815008726001086e-09,0.0,0.0,0.0,0.0,0.0,0.0,0.0,0.0,6.544499255820279e-09,0.0,0.0,0.0,0.0,0.0,0.0,4.363000609001846e-09,0.0,952,20
5.354415579167806e-05,2.024609346173504e-06,8.881726317060103e-06,2.7248223881851094e-06,1.4579491882513195e-06,4.999094336524642e-07,3.191179416374712e-06,5.309042942708937e-07,1.3864064026334543e-06,1.3391798182414074e-06,1.7687576054514901e-06,9.93164019262471e-07,9.551385376071654e-07,1.359815568197526e-06,1.4732422047753868e-06,1.370034040809381e-06,3.1080012057733535e-06,1.3383006699984926e-06,4.894542979165473e-06,9.019507797486326e-07,675,20
0.0,0.0,0.0,0.0,0.0,0.0,0.0,0.0,0.0,0.0,0.0,0.0,0.0,0.0,0.0,0.0,0.0,0.0,0.0,0.0,306,20
1.3157882044276258e-08,1.0964900917798906e-08,2.192982456140109e-09,0.0,0.0,0.0,0.0,0.0,0.0,0.0,0.0,6.578943988745649e-09,0.0,0.0,0.0,0.0,0.0,0.0,4.385963770101856e-09,0.0,835,20
0.0003819054261111931,0.00035825071388974274,0.0003471148915299544,0.00039677056091393754,0.0003680501365588896,0.00029538357122113634,0.0003425736708705593,0.00036703292486362014,0.0003259064730112953,0.00032785140416785076,0.00038550261335815834,0.00036367069699104254,0.000393351900871375,0.0004087535227018258,0.00039294627373786736,0.00038040706919593927,0.00035164499814225084,0.00046360226201618503,0.00037421248497545223,0.0002925951846449005,429,20
1.3227500467790947e-08,4.2768848064156444e-07,4.188710317459856e-07,0.0,0.0,0.0,4.1666666666662077e-07,0.0,0.0,0.0,0.0,4.2327975850749845e-07,0.0,0.0,0.0,0.0,0.0,0.0,4.409169927615622e-09,0.0,823,20
0.0,0.0,0.0,0.0,0.0,0.0,0.0,0.0,0.0,0.0,0.0,0.0,0.0,0.0,0.0,0.0,0.0,0.0,0.0,0.0,304,20
0.0011434604561431005,0.0010636087145532193,0.001032662290020062,0.001067672373110378,0.0010619676492563583,0.0010248988848791012,0.0010760173154779696,0.0010452469913243409,0.0010343571462561908,0.0010465099409214442,0.0010441866152525528,0.0010562427662104516,0.0010449820968394061,0.001089297312046207,0.001051268118515851,0.00101567714341118,0.0010420641389833332,0.0010375326248585892,0.0010639721409824504,0.0010038731325054933,355,20
0.0,0.0,0.0,0.0,0.0,0.0,0.0,0.0,0.0,0.0,0.0,0.0,0.0,0.0,0.0,0.0,0.0,0.0,0.0,0.0,177,20
1.5934334290947996e-06,3.7073007954354883e-07,4.385313414898609e-07,1.5889959711925927e-07,1.3412916872449634e-07,8.636430338493472e-08,2.1154461896822274e-07,1.1756705405325895e-07,1.4507286360584958e-07,9.752923625103257e-08,1.1313063260275322e-07,1.6607125242237377e-07,1.2777096845583727e-07,1.1830650458757145e-07,1.4950898659420983e-07,1.2858435899624827e-07,1.2777093005751094e-07,9.664197915360511e-08,2.589393938476096e-07,7.423778179297948e-08,945,20
2.0204196874280753e-06,8.205528093096359e-06,1.2745375933985859e-06,3.326404458819117e-06,2.8015411396574873e-06,5.03569003273505e-07,1.4628140681589932e-06,3.5348674288951476e-06,3.1458670435847977e-06,1.76476865170769e-06,3.6137265532810094e-06,5.666805756972315e-06,1.378536543829556e-06,3.202275659824185e-06,4.400280089450624e-06,1.0460189922258212e-06,1.7951896303961976e-06,1.347218212147271e-06,4.843604637094281e-06,1.3246821462417703e-06,60,20
0.0003525953956329633,0.00036582098645630747,0.0003115297731988221,0.0003475636912927504,0.0003627680292183331,0.0002855832743513906,0.00033433170657591084,0.00032110570910914935,0.00036655106162489194,0.0003287679109085269,0.0003715360572615115,0.00036737971778778964,0.00030089993470319297,0.00038664813410359896,0.0003522580689161903,0.00030222029817179126,0.0003023709040925228,0.0003003519508254463,0.0003736878525172338,0.0002937538804700223,309,20
1.3297859512832388e-08,4.299631918745086e-07,4.210988463451495e-07,0.0,0.0,0.0,2.2163120567373443e-09,0.0,0.0,0.0,0.0,8.865241293366875e-09,0.0,0.0,0.0,0.0,0.0,0.0,4.432622959145492e-09,0.0,892,20
0.0,0.0,0.0,0.0,0.0,0.0,0.0,0.0,0.0,0.0,0.0,0.0,0.0,0.0,0.0,0.0,0.0,0.0,0.0,0.0,301,20
0.0,0.0,0.0,0.0,0.0,0.0,0.0,0.0,0.0,0.0,0.0,0.0,0.0,0.0,0.0,0.0,0.0,0.0,0.0,0.0,920,20
9.98057100230688e-05,0.0001694888074261038,0.0001261026618193627,0.00014953302756633298,0.0001938397873276039,0.0002524817524975792,0.0002843671616847084,0.00011816706231003918,0.00018314730076522708,0.00016873980062405414,0.00011786163453844839,0.00016979594118630037,0.00020539806810960137,0.0001521471176396027,0.00020255817462902165,0.00011441817025045351,0.0002467348604438622,0.00012481504511786468,0.0001957008370137014,0.00013032102190800143,594,20
0.0,0.0,0.0,0.0,0.0,0.0,0.0,0.0,0.0,0.0,0.0,0.0,0.0,0.0,0.0,0.0,0.0,0.0,0.0,0.0,761,20
2.0337069808876605e-06,7.342042517238963e-06,1.2825771367548752e-06,1.8485621029759324e-06,1.4866712528370418e-06,5.067435413330958e-07,3.6385534228664093e-06,3.1408244234073435e-06,3.1660248504533413e-06,1.7758672565577333e-06,1.4706160087567845e-06,1.4550141584072843e-06,1.803863983372179e-06,1.8065675708686408e-06,4.011674915686038e-06,1.0529773944295387e-06,1.8064833562291082e-06,1.355690677122609e-06,1.2076210634751153e-06,1.3330148538542742e-06,107,20
1.3368971061029352e-08,4.3226223035341404e-07,6.684488429299542e-09,0.0,0.0,0.0,2.2281639928696294e-09,0.0,0.0,0.0,0.0,4.2557842440253873e-07,0.0,0.0,0.0,0.0,0.0,0.0,4.456326825237179e-09,0.0,747,20
0.0,0.0,0.0,0.0,0.0,0.0,0.0,0.0,0.0,0.0,0.0,0.0,0.0,0.0,0.0,0.0,0.0,0.0,0.0,0.0,988,20
0.001035606961255789,0.000960218705171342,0.0009297545756053842,0.0009631018115185633,0.0009571464873907257,0.0009195727368221203,0.0009723105578439096,0.0009416809123712674,0.0009315434804941757,0.0009437827565664993,0.0009403638986222075,0.0009520430257376486,0.00094144148190611,0.0009842841014537475,0.0009484953153574222,0.000912621558842296,0.0009379987213849802,0.0009352227625743217,0.0009586309917512907,0.0009014860924440159,806,20
2.047168525491831e-06,4.723368430263884e-06,3.45709965074378e-06,1.8602768607559417e-06,1.8298259981215978e-06,1.3009584452151067e-05,3.2453175232706933e-06,1.8278272126387271e-06,3.1864417744776468e-06,1.3704520900717455e-06,1.813647630473282e-06,1.9642205842266447e-06,2.3152537215194512e-06,3.2345980785247737e-06,1.537580140526444e-06,2.643315394607783e-06,3.5678416711019443e-06,4.114166481661751e-06,4.882072408517264e-06,9.247958902876992e-07,99,20
1.6443575952836136e-06,8.33660293350875e-06,8.562193526561504e-06,1.455496653575711e-06,2.4247936785475545e-06,5.4297443845752505e-06,3.266375280250527e-06,1.4228414851739418e-06,1.5405453326191356e-06,1.3791824696627032e-06,1.8252109129622867e-06,5.726829244203043e-06,2.7470350574844102e-06,1.8393914055931428e-06,4.047638795549771e-06,2.2434997442933124e-06,1.091049473628255e-06,1.3916285972293748e-06,4.913148158188345e-06,9.306891381722115e-07,250,20
0.0003550083449970047,0.0003447368923244651,0.0003133471314742105,0.00037290452697564614,0.0003577827935120747,0.0004311201215351278,0.00042668285464198636,0.0003715983732115692,0.0003260725523494066,0.0003302004074607304,0.0003745271549528647,0.00035009257399229595,0.0003593357370626339,0.0003900115880659577,0.0003336294745852461,0.0003035183889850172,0.00034727881093378726,0.00030169693295438275,0.0003675633956206248,0.0002949184653534983,833,20
0.0,0.0,0.0,0.0,0.0,0.0,0.0,0.0,0.0,0.0,0.0,0.0,0.0,0.0,0.0,0.0,0.0,0.0,0.0,0.0,474,20
0.0,0.0,0.0,0.0,0.0,0.0,0.0,0.0,0.0,0.0,0.0,0.0,0.0,0.0,0.0,0.0,0.0,0.0,0.0,0.0,703,20
0.0004162978953391387,0.0002134948322041928,0.00011246982177219255,0.00013761407405152285,0.00019355331441221074,8.03023241641959e-05,0.00011589091885050954,0.00017881737307557413,0.00018148561993066345,0.0001670922530060847,0.00011334411147016814,0.00015275135757968213,0.00015448024012703466,0.0002141436561219,0.00020074650914040496,0.00011274460262645151,0.00010415828110439183,0.0002185022738614516,0.00014489447083354683,0.0002111481633639713,941,20
8.151744900724552e-06,6.641852949101074e-06,1.3688323234577965e-06,1.4648443211724312e-06,2.441147815626431e-06,6.326949612515769e-07,7.045869111645735e-07,5.98691223644245e-07,2.8007553535453445e-06,1.388024802639261e-06,4.503444607904538e-06,5.682550018660477e-06,1.0151274263359322e-06,1.8511959736288399e-06,4.073977245501661e-06,1.4245850880048808e-06,1.4317748369603782e-06,1.4005547611203933e-06,1.3615530948360924e-06,9.366579752041857e-07,383,20
0.0004785559994344114,0.0003777772099649106,0.00031464241827427997,0.0003997933949536046,0.00036497779774769326,0.00029515538305466054,0.0003196978913707236,0.0004243770054296119,0.0003279197319900407,0.0003324391691185883,0.00031983062208746564,0.0003745645859072001,0.000399765491202065,0.0003932767861413852,0.00033594358512776894,0.0003053122062229703,0.0003497158595876038,0.00030323706767938557,0.00038413477815910373,0.00029657271406863315,680,20
0.0,0.0,0.0,0.0,0.0,0.0,0.0,0.0,0.0,0.0,0.0,0.0,0.0,0.0,0.0,0.0,0.0,0.0,0.0,0.0,181,20
0.0,0.0,0.0,0.0,0.0,0.0,0.0,0.0,0.0,0.0,0.0,0.0,0.0,0.0,0.0,0.0,0.0,0.0,0.0,0.0,12,20
1.709912468601494e-06,3.186552692066608e-06,1.3776948828310224e-06,1.4743128016175827e-06,1.957767402033429e-06,6.368116963805535e-07,1.1257904660733177e-06,1.1018582906196793e-05,1.5693041960452313e-06,4.980150053553073e-06,1.8667725777202525e-06,1.5549973110941647e-06,6.050409821086927e-07,4.113007527810868e-06,1.6008372292415923e-06,1.4337814851313742e-06,1.4410217470681892e-06,1.4095961703933533e-06,1.3711395763877042e-06,6.69251333527962e-06,613,20
8.707873364611518e-05,6.290435769707352e-06,9.468790342780206e-06,5.150276233047319e-06,2.8042045652537763e-06,6.409822683665833e-07,1.1331225127534575e-06,6.781517713041101e-07,1.57991371509086e-06,4.596994877828501e-06,1.5455791100443078e-06,5.398008637335279e-06,1.025628452723786e-06,1.8906690582873732e-06,3.6948410730449376e-06,2.276390677272021e-06,3.616929965705638e-06,1.4187550712435747e-06,5.463830137955e-06,9.877588685926772e-07,85,20
0.0,0.0,0.0,0.0,0.0,0.0,0.0,0.0,0.0,0.0,0.0,0.0,0.0,0.0,0.0,0.0,0.0,0.0,0.0,0.0,320,20
2.3340283645730652e-06,5.916191680766326e-06,1.4493926435263674e-06,4.6022710906425845e-06,2.406339515826283e-06,6.452077388298585e-07,1.140550641950228e-06,6.826308796807419e-07,2.8405822813367366e-06,1.461777207838811e-06,1.8894346033626607e-06,1.6029447703476193e-06,2.7822396469708885e-06,1.9030449850173452e-06,1.636242905385851e-06,1.0413347105632036e-06,1.1411075423792724e-06,5.9277773513678934e-06,1.4169847989285483e-06,9.942263800580196e-07,649,20
9.642744011774843e-05,4.956678911550484e-06,9.12432285620011e-06,3.3001549874109284e-06,2.4226271130686066e-06,2.3993606518526402e-06,7.1475456065145295e-06,6.871694288793981e-07,2.859694620987488e-06,1.4714087160583841e-06,1.568552713804696e-06,2.1134986159800314e-06,1.4677107134314423e-06,4.58203965636389e-06,3.7306116072065115e-06,2.2981263400636125e-06,3.6488897892551242e-06,1.468668493246646e-06,5.510073145286653e-06,1.0007791203935252e-06,710,20
0.0011090508745519962,0.0010287962479659102,0.0009965528794570432,0.0010320085604687886,0.0010257542901917398,0.0009861419180766948,0.001041612075502566,0.0010092423036597567,0.0009984289240541977,0.0010113433155137814,0.0010078876914654767,0.0010202761556044257,0.0010089858182059262,0.0010544431939208242,0.0010163270006844465,0.0009784786088787014,0.0010054240749893624,0.0010022434477704066,0.0010273958496744328,0.0009666230285864264,385,20
1.3440847249529509e-08,1.792111388490424e-08,4.2338642116310135e-07,0.0,0.0,0.0,4.1890658602145925e-07,0.0,0.0,0.0,0.0,1.1200705045992973e-08,0.0,0.0,0.0,0.0,0.0,0.0,4.21146504209673e-07,0.0,890,20
3.0375325698393326e-06,7.408944660671685e-07,6.870604440135856e-07,3.227215435627344e-07,2.726574421432821e-07,2.4919180136657505e-07,3.630002547706081e-07,2.751333973639478e-07,2.9595472112758844e-07,2.3124163724778044e-07,2.4614697995616527e-07,3.7821577393465403e-07,2.2751527854317532e-07,2.802246054809315e-07,3.394184932917617e-07,2.3013228889594788e-07,2.5704172291006626e-07,2.284824449544034e-07,4.642623182651406e-07,1.7412242671314614e-07,439,20
0.0011983460342698052,0.0011122311491489085,0.0010778693297958776,0.0011158583773064317,0.001109255139864834,0.0010672377202759434,0.0011259115110654099,0.0010914768177746484,0.001079846653130107,0.0010935592044721016,0.0010900830494346495,0.0011033199702123134,0.0010911995875897956,0.001139786283031477,0.0010988651201591666,0.0010586828292702228,0.001087507890450332,0.001083810838343734,0.0011110937353073598,0.001045959892672606,135,20
0.0013095742656052105,0.0012162375106925527,0.001179298689850762,0.0012204017862866429,0.00121338386764251,0.0011684721366532775,0.0012309731091778315,0.0011940363340195046,0.001181395729317255,0.0011960712255865268,0.0011926028365228311,0.001206877338677281,0.001193733251552971,0.0012461492472886169,0.0012017682948464482,0.0011587711467994132,0.001189899969261359,0.001185525964467784,0.001215476287951862,0.0011449790909099965,567,20
0.0004846123228124193,0.00036093581211449214,0.00031644758718324243,0.00037095794745510015,0.0003672415159102335,0.0002967640134459875,0.0003455728688017488,0.0003619781356400218,0.00033544969332971616,0.0003345475919940542,0.00038288177903777923,0.0003837982021160204,0.000369744866845414,0.0003963983328694469,0.0003381314024291538,0.00030695302443288085,0.00035210166449337835,0.00030491663136719303,0.0003780585252957198,0.0002977677377186042,298,20
0.0014524224616968198,0.001349922074293082,0.0013097620256908322,0.0013548049815623074,0.001347283097416,0.0012987993691529155,0.0013659819344580939,0.0013259319355598126,0.0013120036061944687,0.0013278710878329505,0.0013244603486653054,0.0013400398297404607,0.0013255956341665714,0.0013828313442225005,0.0013340558865404285,0.0012875756696633855,0.0013216095297442958,0.0013163179637743225,0.0013497135006318526,0.0012724266969722595,160,20
0.0,0.0,0.0,0.0,0.0,0.0,0.0,0.0,0.0,0.0,0.0,0.0,0.0,0.0,0.0,0.0,0.0,0.0,0.0,0.0,268,20
3.0589647980113996e-06,7.459467773697249e-07,6.916860532554946e-07,3.249114458943251e-07,2.745384470858889e-07,2.5089376577265063e-07,3.654496406042878e-07,2.770173469527439e-07,2.9796165735068417e-07,2.3280133073641645e-07,2.478150836455215e-07,3.8083440543374275e-07,2.2904786931626477e-07,2.8212215365425086e-07,3.417264895216961e-07,2.3167554544766287e-07,2.5877567727703137e-07,2.3002374383007693e-07,4.6739130513852247e-07,1.7529680483076244e-07,658,20
0.0,0.0,0.0,0.0,0.0,0.0,0.0,0.0,0.0,0.0,0.0,0.0,0.0,0.0,0.0,0.0,0.0,0.0,0.0,0.0,996,20
0.0,0.0,0.0,0.0,0.0,0.0,0.0,0.0,0.0,0.0,0.0,0.0,0.0,0.0,0.0,0.0,0.0,0.0,0.0,0.0,641,20
1.3513500477905345e-08,1.8017984770768587e-08,9.009001788664764e-09,0.0,0.0,4.1666666666662077e-07,4.5045032936157e-09,0.0,0.0,0.0,0.0,4.2792678993927393e-07,0.0,0.0,0.0,0.0,0.0,0.0,6.756753161931979e-09,0.0,906,20
0.0,0.0,0.0,0.0,0.0,0.0,0.0,0.0,0.0,0.0,0.0,0.0,0.0,0.0,0.0,0.0,0.0,0.0,0.0,0.0,805,20
0.0,0.0,0.0,0.0,0.0,0.0,0.0,0.0,0.0,0.0,0.0,0.0,0.0,0.0,0.0,0.0,0.0,0.0,0.0,0.0,893,20
0.0004900194803876155,0.0003784702460992366,0.00031847949746557523,0.00042269389149091085,0.00037113425900943105,0.00029859151686450537,0.0003934875344081233,0.0003650252376056046,0.00033330245472020957,0.00033689621327831867,0.0003277063156669417,0.0003627635616797757,0.00032753002656401545,0.0004004336998948972,0.00034056248984761406,0.00033761619367566383,0.0003549669093595158,0.0003065172421205628,0.0003956239907656374,0.0002991067777680565,389,20
0.001643309501091282,0.001528730392717225,0.0014843981242750317,0.0015346168854349692,0.0015264643730111913,0.0014734246440335618,0.0015465135097145997,0.0015024532604770713,0.0014868190692010558,0.0015042124664599744,0.001500950137655395,0.0015182321852874213,0.001502072542880671,0.0015656018244931758,0.0015110271259591414,0.001460090112052212,0.00149792565673189,0.0014913358562257768,0.001529364385938415,0.0014431520508708315,121,20
0.00012467864419366816,1.1665180050515371e-05,1.946154464095067e-06,2.9102170266876953e-06,3.3594944184309878e-06,6.692571644471321e-07,1.2011872623937625e-06,1.6943995911036507e-05,2.883102935231113e-06,2.317591053464514e-06,1.582732884053474e-06,8.549018628498459e-06,1.06388588177708e-06,2.8671658649037084e-06,2.0938794345744392e-06,1.566477479362402e-06,1.5937573575891215e-06,5.9811733925148584e-06,2.386889066115477e-06,1.4264308878189167e-06,837,20
0.00011514937250942873,0.00012461488838154717,0.00014714371532133637,9.045773312272239e-05,0.00012254098039593498,5.4314013009272596e-05,8.264749169703686e-05,0.00014437873809959592,0.000111244628203905,0.00010373818251216185,8.748278874521319e-05,0.00010082649136333599,0.0002435529290095369,0.00012620614795572172,0.00021301825839020814,0.0001765782205311555,0.00011384090987775308,8.00236474027557e-05,0.00017134811106191456,7.799030579017346e-05,187,20
0.001912418202580004,0.001781075650338527,0.0017310718313674808,0.0017884458070921714,0.0017794723365280969,0.001720355099613777,0.0018012144817635568,0.0017517390819556892,0.0017337237198567328,0.0017531618950673835,0.001750222291322905,0.0017698389584190483,0.0017512957059690635,0.0018234638093206912,0.001760829711865572,0.0017039238281327486,0.0017469912216684326,0.0017384565350537463,0.00178306296491312,0.0016845019496842415,16,20
0.0023217343238943417,0.0021653524614489083,0.0021070858891189537,0.002175098286788463,0.00216499385869476,0.002097229972727893,0.002188946926234935,0.0021316472722753797,0.0021100511434091274,0.0021324154276381015,0.00213016293007897,0.0021532171044511186,0.002131108521015725,0.0022160122143503507,0.0021413207199783577,0.002075879452071731,0.002126683748179938,0.002114992628394226,0.002169684313646162,0.002052746070700052,773,20
0.0,0.0,0.0,0.0,0.0,0.0,0.0,0.0,0.0,0.0,0.0,0.0,0.0,0.0,0.0,0.0,0.0,0.0,0.0,0.0,493,20
3.98937122032944e-06,5.581393892347132e-06,1.959346959436938e-06,2.9303359203056616e-06,3.2997934250174725e-06,6.73820837391328e-07,4.62564142371529e-06,1.623102421281335e-05,2.4864023291918393e-06,2.333261302422971e-06,1.5105735631311786e-06,2.1112511320017387e-06,1.48773084363008e-06,2.8869847429064383e-06,1.6918697509949078e-06,1.160855611043054e-06,1.6049727532188424e-06,2.356926552401329e-06,1.987715026452324e-06,1.4360800673785108e-06,341,20
0.0004963387906812737,0.0003576460172248965,0.0003675419444686308,0.0003913511077983777,0.00037383828963283316,0.0002999393792486024,0.0004475626077601613,0.0003456981048417106,0.00034119541146527394,0.00033943475498277964,0.0003297633110408832,0.00036602887854153077,0.0003360321617089277,0.0004040798874019795,0.0003431872161611735,0.0003400345657872852,0.00035774697078832076,0.0003082800283392764,0.00039909213892664187,0.0003009627416405965,426,20
0.00013813255332235306,1.7047004593718797e-06,3.7223433096056195e-06,3.783986479692974e-06,2.489471321675149e-06,2.375980248123334e-05,8.90706387463887e-06,2.5999978659451082e-06,3.753668856420304e-06,2.3491449056869533e-06,1.604183657072384e-06,2.1257289136886166e-06,2.3311462602989333e-06,5.0735368024279025e-06,6.78666285511378e-06,2.835758920850732e-06,1.6163457029979832e-06,6.455917379164511e-06,2.00257736607659e-06,1.4458606638860644e-06,467,20
0.0005026029010916379,0.0003709821180601827,0.00036269752507851446,0.00038022773760906813,0.0003749482045656387,0.0003021701458780113,0.00045291063569923105,0.00039498750675930495,0.0003439646730476961,0.0003418883232793455,0.0003975081521033043,0.00039492676293932075,0.00036811362359087424,0.0004306597282465348,0.0003457316744098209,0.0003426551167424786,0.0004162258138215593,0.0004868063239014005,0.0003985913781666113,0.00030269540186667466,106,20
0.0,0.0,0.0,0.0,0.0,0.0,0.0,0.0,0.0,0.0,0.0,0.0,0.0,0.0,0.0,0.0,0.0,0.0,0.0,0.0,408,20
0.00040278101192126503,0.00038220967138108603,0.0003774911030593993,0.0003869299328573253,0.0003823680500204005,0.00032552082591277474,0.000347787552764539,0.0003776965390591743,0.00034660450550800105,0.00034456237359675756,0.00040127478115240954,0.00037757431312083426,0.00038652976833798204,0.0004171507934391395,0.00034850083219210804,0.00032050712368494525,0.0003663060752806145,0.00032064007030801556,0.00041195984548657435,0.0003046756970927799,23,20
6.763461838484337e-05,4.395063225974577e-05,3.081598060822943e-05,3.468891676946716e-05,4.012491121874421e-05,1.7133679178283363e-05,3.082000570613903e-05,3.0786218101281406e-05,3.294733904771494e-05,3.823551570292e-05,2.5462500503717296e-05,2.9947640225034425e-05,3.953679197813385e-05,3.836515360291636e-05,4.3145587365843986e-05,2.6031509708860526e-05,3.2756300381456494e-05,3.0367354127099134e-05,3.271358587083802e-05,2.902271618880989e-05,831,20
0.0,0.0,0.0,0.0,0.0,0.0,0.0,0.0,0.0,0.0,0.0,0.0,0.0,0.0,0.0,0.0,0.0,0.0,0.0,0.0,69,20
0.0,0.0,0.0,0.0,0.0,0.0,0.0,0.0,0.0,0.0,0.0,0.0,0.0,0.0,0.0,0.0,0.0,0.0,0.0,0.0,900,20
0.0005169046414294424,0.00037036096364366803,0.0003807862797897039,0.0003953824080326993,0.00038385959392101465,0.0003077582779086993,0.000465253657448886,0.00035979711683429834,0.0003495448063033284,0.00034753498775692794,0.0004056603192554766,0.00037977404536273835,0.00035911168844436213,0.0004217226954464294,0.00035157254513529094,0.0003229970540991996,0.00036990816124036346,0.0003235711464609803,0.00041174306859145175,0.00030685411436909824,676,20
0.00011735866340733476,0.0001435714799420143,0.00015658644837692148,0.0001398552890521877,0.00014898369092445257,5.917836410638074e-05,0.00024209127790399625,0.00014226514207200244,0.00011273360308780103,0.00018400930688851079,0.00017139605415775986,0.00013653715876816498,0.00017211188636227873,0.00014596861477348755,0.00012600265579030187,0.00013596577322764052,9.089469693513492e-05,9.880457233291619e-05,0.00020723022309531553,9.608517273263488e-05,801,20
0.0001366869851290853,4.299165580274322e-06,3.748306586629876e-06,1.0226153897534395e-05,2.9236542650144653e-06,8.487140833019319e-07,1.386456786093978e-06,1.7198435814904385e-05,3.7798364503352074e-06,2.3652462499733202e-06,2.8655465932297457e-06,1.7237964542910227e-06,1.9304829835362055e-06,2.9427205947219386e-06,8.91709887855751e-06,1.1890703928664052e-06,1.9612106506677146e-06,2.4189674662416174e-06,2.017658251375989e-06,1.4557753800118936e-06,599,20
0.003020840428861771,0.0028225888555235123,0.0027509220151614323,0.0028366253832377876,0.0028248198819950786,0.0027434575252302616,0.002851835910067463,0.002781979960292528,0.002754348258022867,0.0027813498743378268,0.002780655314383415,0.002809358461614066,0.0027812781694859824,0.0028871425363271256,0.002792250879212326,0.0027132954606913923,0.0027768818498486655,0.0027594112816343302,0.0028314855758051777,0.0026839529408764044,643,20
0.0,0.0,0.0,0.0,0.0,0.0,0.0,0.0,0.0,0.0,0.0,0.0,0.0,0.0,0.0,0.0,0.0,0.0,0.0,0.0,339,20
6.057136634455696e-06,9.136190423319867e-07,7.752820498173727e-07,4.6823438811660434e-07,3.6128385725815487e-07,4.3803670822296553e-07,4.799852729469052e-07,6.603480865120361e-07,3.900827585906241e-07,2.983931136948844e-07,3.0267038789184805e-07,4.859810206071034e-07,2.7725800718247626e-07,3.804414087566554e-07,4.805576008875971e-07,2.811528205575775e-07,3.082259179126437e-07,3.5253882202732303e-07,5.332974334235905e-07,2.1589509489475247e-07,701,20
0.0005238859777806208,0.0003865502961640189,0.0003418084848695012,0.0004210154120269259,0.0003927234639987832,0.0004965456686657278,0.00036010096339955796,0.00036326360834814915,0.00035274282755972243,0.0003504781591897048,0.0004095912664041641,0.0004204475448983543,0.0003384904498307849,0.0004266733741813886,0.000354620349325276,0.00032543227757865327,0.0003731639188249308,0.00032615951392849147,0.00042582010804552233,0.00030901992539129485,873,20
9.775427466347976e-05,0.00011891772169524012,9.661497884426727e-05,0.00019758230959469615,0.00014697573915365905,0.0003111593031348179,0.00024086705272280444,0.00011535415864508716,0.00012438185925518479,0.0001356333253399313,0.00017007591003769136,0.0001623240281884063,0.00014693622799404028,0.0001668260281664006,0.0001388846099011045,8.871306789544803e-05,0.00019752142048300614,9.789391818586934e-05,0.0002055356235311553,9.50898522854338e-05,74,20
6.558907586585412e-05,4.6488799518196934e-05,3.3149151830628816e-05,3.736478729181168e-05,4.224044056602922e-05,1.8343480236388258e-05,3.61679302358606e-05,3.313791283845277e-05,3.490387844698029e-05,4.108240136088802e-05,2.7937423405654796e-05,3.220992959713579e-05,4.318846138988098e-05,4.057965615818621e-05,4.5164070854777656e-05,2.788167997714135e-05,3.4751477153820083e-05,3.191660522675518e-05,3.6431529385893294e-05,3.038804434720436e-05,218,20
1.3586943415285265e-08,1.8115908601044503e-08,9.057963754907507e-09,0.0,0.0,2.264492753622939e-09,4.528984289776655e-09,0.0,0.0,0.0,0.0,1.3586938473349858e-08,0.0,0.0,0.0,0.0,0.0,0.0,6.793474646507696e-09,0.0,525,20
0.0,0.0,0.0,0.0,0.0,0.0,0.0,0.0,0.0,0.0,0.0,0.0,0.0,0.0,0.0,0.0,0.0,0.0,0.0,0.0,265,20
0.004478388900793542,0.0041950107830289116,0.004097126594127757,0.004218555838512536,0.004203760707909036,0.004096872659895204,0.004235440003869427,0.0041413557713009825,0.004101334651631082,0.004137134062632376,0.004140615908884664,0.004180559716465047,0.00414031372553466,0.004287966814475269,0.0041519111872999614,0.004047350550731592,0.004136541635498002,0.004106083836185305,0.004214778191996945,0.0040053768574797866,891,20
0.00013004663071367457,0.00020788720988809776,0.0001454540078494971,0.00024275415037429426,0.00018071462729802044,0.00010587217346459408,0.00026970215645423734,0.0002489065779210624,0.0001717506740039074,0.00016855425286992786,0.0001154749433259686,0.00014197748261245304,0.00014562731851454347,0.00015071939476583683,0.00015179767470346287,0.00015936230877566923,0.00014780122819302543,0.0002410410586482757,0.00014051603476218644,0.00011548875316582196,110,20
1.3661189007718518e-08,4.3487974781347284e-07,9.107460824606456e-09,0.0,0.0,4.1894330601088283e-07,4.553732837808221e-09,0.0,0.0,0.0,0.0,4.303264845869949e-07,0.0,0.0,0.0,0.0,0.0,0.0,4.234965810656586e-07,0.0,435,20
0.0,0.0,0.0,0.0,0.0,0.0,0.0,0.0,0.0,0.0,0.0,0.0,0.0,0.0,0.0,0.0,0.0,0.0,0.0,0.0,980,20
6.92296212429579e-06,9.498620227857825e-06,2.024626699255734e-06,4.30220593101243e-06,4.277869431580204e-06,2.418723525850369e-05,1.3145410897015408e-06,1.9104192414294688e-06,4.640300732637609e-06,2.8002124804711835e-06,1.1218433555219486e-05,3.0700119310191938e-06,1.106784709903054e-06,3.7973629143856382e-06,7.728941886092713e-06,1.61438485162671e-06,2.0582344254542005e-06,2.936054351645144e-06,1.947552649600151e-06,1.8839219165837245e-06,632,20
0.0,0.0,0.0,0.0,0.0,0.0,0.0,0.0,0.0,0.0,0.0,0.0,0.0,0.0,0.0,0.0,0.0,0.0,0.0,0.0,185,20
6.814150901209572e-05,4.9953760931979056e-05,3.554090177980632e-05,4.095931549320642e-05,4.53228175653611e-05,2.0049775015774617e-05,4.0243357696639765e-05,3.6856412988868636e-05,3.756999855831925e-05,4.384170427885686e-05,2.983350170184286e-05,3.457057441437303e-05,4.570306841496053e-05,4.2952637261909805e-05,4.774963204091241e-05,3.0387578894285873e-05,3.729788145068835e-05,3.6187988009939024e-05,3.890902776915167e-05,3.2403857486273266e-05,286,20
0.0005312800397763661,0.00040196669134358884,0.00034483101770203274,0.0004054752193449508,0.0003952419479862847,0.00032193766371414116,0.0003842421347923109,0.00036674137762650696,0.0003559344166830199,0.0003536972522353058,0.0003597331758478546,0.00042566145024616753,0.00034708851622564595,0.000431642815476451,0.00039711782797117665,0.0003281181989808955,0.00037706040504298355,0.0003289970114751918,0.000431214264264733,0.0003117049373095993,582,20
0.0,0.0,0.0,0.0,0.0,0.0,0.0,0.0,0.0,0.0,0.0,0.0,0.0,0.0,0.0,0.0,0.0,0.0,0.0,0.0,899,20
0.0,0.0,0.0,0.0,0.0,0.0,0.0,0.0,0.0,0.0,0.0,0.0,0.0,0.0,0.0,0.0,0.0,0.0,0.0,0.0,459,20
0.0030303069364295797,0.0027919489280146433,0.002688700996517801,0.002795769683075964,0.002773777820933812,0.002640667534716583,0.0028322731453073666,0.002726659347041034,0.0026954054996585243,0.0027383558154705744,0.0027207408423236754,0.002759315967598378,0.0027259615164967888,0.0028669973403645035,0.0027544794424560447,0.002628436895543783,0.0027112560065143607,0.002710822150030403,0.0027762058712329438,0.002593277958952204,415,20
0.0004399236792640348,0.0003953925109890779,0.0003951342370537498,0.00042084123013506154,0.00039996500995326603,0.0005146147172087072,0.00048576668038074924,0.0003708719593536903,0.0003619975831488935,0.0005077259102945139,0.0004262541451668248,0.0004306112701118309,0.00042402010372599936,0.00043698801217371746,0.0003648652977609495,0.00036051503363795337,0.00038100192466616217,0.0003321623790953855,0.0004363622569389738,0.0003140660693079716,61,20
0.0,0.0,0.0,0.0,0.0,0.0,0.0,0.0,0.0,0.0,0.0,0.0,0.0,0.0,0.0,0.0,0.0,0.0,0.0,0.0,347,20
0.00044615427710051423,0.0004111570169427778,0.0003994327232600351,0.0004601846937719873,0.00040533444192281587,0.00046127567266832483,0.0004927831945023828,0.0003747300698125145,0.000365901359430531,0.0003694252292335084,0.0004007131582044912,0.00044120315306839133,0.00037396126760943257,0.0004424684533270182,0.0004629301140044095,0.0003644896059388947,0.0003855709779443889,0.000544274187101144,0.0004470840808480873,0.0003170421458350524,349,20
