id,radius_mean,texture_mean,perimeter_mean,area_mean,smoothness_mean,compactness_mean,concavity_mean,concave points_mean,symmetry_mean,fractal_dimension_mean,radius_se,texture_se,perimeter_se,area_se,smoothness_se,compactness_se,concavity_se,concave points_se,symmetry_se,fractal_dimension_se,radius_worst,texture_worst,perimeter_worst,area_worst,smoothness_worst,compactness_worst,concavity_worst,concave points_worst,symmetry_worst,fractal_dimension_worst,node,percentage
0.000355159716458049,0.0005074339302319149,0.0006326219579004087,0.0004971454771620259,0.0005029414680330687,0.00041902674710943505,0.0005507881129059533,0.0005167930878816651,0.000536371672047906,0.0004521237823929509,0.0006394238967034106,0.0004110662166311458,0.0004475231194434301,0.00041883776448246586,0.0003861648230864891,0.0004624949211000435,0.000570511109028147,0.0003840177553415633,0.00041583967692116803,0.0005068864276669286,0.0003942054488656213,0.0005359691773810404,0.000713142736963114,0.0005013935843025826,0.000499650225547676,0.00047535308765933837,0.000491640561228009,0.0005218864360020819,0.0007093300974579167,0.0005127840024008631,0.0004677239661598284,421,40
0.0018938959419212815,0.001917445981759768,0.0019401233675031607,0.0019163572423760307,0.0019100685724674296,0.0019410753915390258,0.001938482682349351,0.001938226392282409,0.0019511043165567174,0.0019428420814091964,0.0019289047603707602,0.0018998851632694796,0.001911777851746974,0.0018986410870958416,0.0018972774651021655,0.0019251130947127478,0.001912486121785386,0.0019028481778618675,0.0019170725988723152,0.0019209290158659247,0.0019052830132188514,0.0019240426525281521,0.0019486176354211943,0.0019236914216596854,0.001912963764449672,0.0019552025769770144,0.00195914413041206,0.0019607825309926013,0.0019808135602051766,0.0019567232416876253,0.0019551111049668233,47,40
0.0020650259948046643,0.0020771343058194436,0.0020727343516205457,0.0020769349770570636,0.002075216956232983,0.00206945913135408,0.0020709925931302197,0.002071230335886241,0.0020760896412729667,0.0020712880143483625,0.002073852326788204,0.0020681627481670874,0.002068336282040393,0.002069145554526158,0.002067630880677579,0.002069134382334932,0.0020677814586355,0.0020686102410322105,0.0020699853111862594,0.002070208311892,0.002065526903412593,0.0020769789652493203,0.0020751751101119147,0.002076726721183394,0.002073441563846175,0.0020685625372040043,0.0020676816354395023,0.0020716043750965817,0.0020765065838174055,0.0020730407676957056,0.002065993862943425,292,40
0.0,0.0,0.0,0.0,0.0,0.0,0.0,0.0,0.0,0.0,0.0,0.0,0.0,0.0,0.0,0.0,0.0,0.0,0.0,0.0,0.0,0.0,0.0,0.0,0.0,0.0,0.0,0.0,0.0,0.0,0.0,186,40
0.0,0.0,0.0,0.0,0.0,0.0,0.0,0.0,0.0,0.0,0.0,0.0,0.0,0.0,0.0,0.0,0.0,0.0,0.0,0.0,0.0,0.0,0.0,0.0,0.0,0.0,0.0,0.0,0.0,0.0,0.0,414,40
0.0020737356451516376,0.0020858961455470005,0.0020814760951814583,0.0020856955006057377,0.0020839711247992946,0.0020781799090406165,0.0020797191849739475,0.0020799505952702165,0.002084837945943701,0.002080021526834588,0.0020825942527803033,0.002076882286101266,0.002077057662274595,0.0020778730846095993,0.0020763513913347117,0.002077862167239556,0.002076490613293124,0.0020773305786154026,0.0020787135759293123,0.002078938160738723,0.002074231123728899,0.0020857394902439688,0.002083928954276145,0.002085486850896303,0.0020821876908108283,0.0020772706221055324,0.0020763873850018267,0.0020803256856181166,0.0020852558845964038,0.002081783492859087,0.002074690142915265,132,40
0.0,0.0,0.0,0.0,0.0,0.0,0.0,0.0,0.0,0.0,0.0,0.0,0.0,0.0,0.0,0.0,0.0,0.0,0.0,0.0,0.0,0.0,0.0,0.0,0.0,0.0,0.0,0.0,0.0,0.0,0.0,161,40
0.0,0.0,0.0,0.0,0.0,0.0,0.0,0.0,0.0,0.0,0.0,0.0,0.0,0.0,0.0,0.0,0.0,0.0,0.0,0.0,0.0,0.0,0.0,0.0,0.0,0.0,0.0,0.0,0.0,0.0,0.0,197,40
0.0020942158291856914,0.002106494336151493,0.0021020335043276436,0.0021062925968892013,0.0021045495283363003,0.0020987181109723523,0.0021002738082595484,0.00210052119167849,0.0021054427207846758,0.0021005685469536557,0.002103171163289257,0.0020973997831349356,0.0020975748192992817,0.0020983931881699705,0.0020968576441301725,0.0020983815995454947,0.0020970206168448627,0.0020978545327401785,0.0020992472184640245,0.002099472820374036,0.0020947302760679215,0.0021063373644735458,0.0021045072173390385,0.0021060809824191085,0.002102749514099691,0.0020978164725927325,0.0020969219374556924,0.0021009009687800134,0.0021058662097119475,0.0021023445177629553,0.0020952123206296968,245,40
0.0,0.0,0.0,0.0,0.0,0.0,0.0,0.0,0.0,0.0,0.0,0.0,0.0,0.0,0.0,0.0,0.0,0.0,0.0,0.0,0.0,0.0,0.0,0.0,0.0,0.0,0.0,0.0,0.0,0.0,0.0,453,40
0.002103336388842919,0.0021156695152798662,0.002111187683310687,0.002115466411381725,0.0021137166624664127,0.0021078505400897165,0.002109412344583706,0.002109653307190699,0.0021146039881491043,0.0021097141676535655,0.0021123256633318018,0.0021065307927330868,0.002106707726263983,0.002107532456628373,0.0021059895800949967,0.0021075211261862023,0.002106141005005581,0.0021069864109147076,0.0021083873367641497,0.0021086145790537576,0.0021038453658703336,0.0021155111857605463,0.002113674016004857,0.0021152543705970158,0.0021119082431142796,0.0021069358657090156,0.002106038845469345,0.0021100342001217245,0.0021150285420493634,0.0021114997335732527,0.0021043193797296742,411,40
0.0,0.0,0.0,0.0,0.0,0.0,0.0,0.0,0.0,0.0,0.0,0.0,0.0,0.0,0.0,0.0,0.0,0.0,0.0,0.0,0.0,0.0,0.0,0.0,0.0,0.0,0.0,0.0,0.0,0.0,0.0,214,40
0.0,0.0,0.0,0.0,0.0,0.0,0.0,0.0,0.0,0.0,0.0,0.0,0.0,0.0,0.0,0.0,0.0,0.0,0.0,0.0,0.0,0.0,0.0,0.0,0.0,0.0,0.0,0.0,0.0,0.0,0.0,283,40
0.002100277709529379,0.0021125974921168402,0.0021081158723356107,0.0021123927349288125,0.002110649182565055,0.002104754270656577,0.002106311125628961,0.00210652167569585,0.002111496100760043,0.002106635766448817,0.002109233620325058,0.002103453770275432,0.0021036349972592236,0.002104469743768032,0.0021029265248611283,0.002104459667265761,0.002103028585927058,0.002103904267962514,0.0021053118759469525,0.002105541425289651,0.002100755033762847,0.0021124366897614967,0.002110605991942404,0.0021121829882417746,0.002108841124434174,0.0021038044051186876,0.0021029143451940873,0.0021068998571737714,0.0021119169125773827,0.0021084261951822164,0.0021011877443665164,107,40
0.0,0.0,0.0,0.0,0.0,0.0,0.0,0.0,0.0,0.0,0.0,0.0,0.0,0.0,0.0,0.0,0.0,0.0,0.0,0.0,0.0,0.0,0.0,0.0,0.0,0.0,0.0,0.0,0.0,0.0,0.0,542,40
0.0021218084408704666,0.0021342523103629173,0.0021297277799955266,0.002134046391219936,0.0021322832088029532,0.0021263458128728385,0.002127919915739347,0.002128147080872291,0.002133157620190469,0.002128236700630592,0.002130865920053065,0.0021250236477788147,0.0021252045441686887,0.002126042454545779,0.0021244846591266116,0.002126031679659394,0.002124611399243219,0.0021254809074702824,0.002126898752296379,0.0021271293864778347,0.0021223055239733084,0.002134091159451826,0.002132239866923121,0.002133833539411306,0.002130457706538934,0.0021254037727000685,0.0021245018685784323,0.002128530176781836,0.0021335842485478394,0.0021300418965566844,0.0021227622013755255,518,40
0.0,0.0,0.0,0.0,0.0,0.0,0.0,0.0,0.0,0.0,0.0,0.0,0.0,0.0,0.0,0.0,0.0,0.0,0.0,0.0,0.0,0.0,0.0,0.0,0.0,0.0,0.0,0.0,0.0,0.0,0.0,324,40
0.0,0.0,0.0,0.0,0.0,0.0,0.0,0.0,0.0,0.0,0.0,0.0,0.0,0.0,0.0,0.0,0.0,0.0,0.0,0.0,0.0,0.0,0.0,0.0,0.0,0.0,0.0,0.0,0.0,0.0,0.0,488,40
0.0,0.0,0.0,0.0,0.0,0.0,0.0,0.0,0.0,0.0,0.0,0.0,0.0,0.0,0.0,0.0,0.0,0.0,0.0,0.0,0.0,0.0,0.0,0.0,0.0,0.0,0.0,0.0,0.0,0.0,0.0,376,40
0.0,0.0,0.0,0.0,0.0,0.0,0.0,0.0,0.0,0.0,0.0,0.0,0.0,0.0,0.0,0.0,0.0,0.0,0.0,0.0,0.0,0.0,0.0,0.0,0.0,0.0,0.0,0.0,0.0,0.0,0.0,237,40
0.002105282356951643,0.0021176378010955422,0.0021131368425175564,0.0021174298797159642,0.002115687188500897,0.002109726974178702,0.0021112838604470515,0.002111453624618376,0.0021164824009452894,0.0021116412157488767,0.0021142317398691554,0.002108447173049974,0.0021086350819123773,0.002109487220926103,0.0021079367730822405,0.0021094788199561613,0.002107971583019264,0.002108892621639938,0.0021103155590006632,0.002110549277704832,0.0021057183628793493,0.002117472903138438,0.0021156430624314397,0.0021172223604772433,0.0021138717063378127,0.0021087246865951737,0.0021078402736074866,0.002111829744037408,0.0021168999240094946,0.0021134461556001714,0.0021060963250086853,362,40
0.0021273998544136916,0.002139882816273974,0.0021353377102090844,0.0021396736804186176,0.0021379108632672665,0.0021319066077234807,0.0021334811832701256,0.002133667693580486,0.002138733899525361,0.0021338307174456426,0.0021364533565480185,0.0021306047369088216,0.0021307923548705434,0.0021316478640053356,0.0021300824147268537,0.002131638758862067,0.002130142050338318,0.0021310570840752507,0.002132490630572939,0.002132725491907411,0.0021278558268579984,0.002139717531333387,0.002137866575331098,0.0021394629926877328,0.0021360774372961733,0.0021309119679101016,0.002130015448471307,0.0021340488382711902,0.0021391573642039097,0.00213565090676386,0.00212825797428499,420,40
0.0,0.0,0.0,0.0,0.0,0.0,0.0,0.0,0.0,0.0,0.0,0.0,0.0,0.0,0.0,0.0,0.0,0.0,0.0,0.0,0.0,0.0,0.0,0.0,0.0,0.0,0.0,0.0,0.0,0.0,0.0,451,40
0.0,0.0,0.0,0.0,0.0,0.0,0.0,0.0,0.0,0.0,0.0,0.0,0.0,0.0,0.0,0.0,0.0,0.0,0.0,0.0,0.0,0.0,0.0,0.0,0.0,0.0,0.0,0.0,0.0,0.0,0.0,519,40
0.0,0.0,0.0,0.0,0.0,0.0,0.0,0.0,0.0,0.0,0.0,0.0,0.0,0.0,0.0,0.0,0.0,0.0,0.0,0.0,0.0,0.0,0.0,0.0,0.0,0.0,0.0,0.0,0.0,0.0,0.0,65,40
0.0,0.0,0.0,0.0,0.0,0.0,0.0,0.0,0.0,0.0,0.0,0.0,0.0,0.0,0.0,0.0,0.0,0.0,0.0,0.0,0.0,0.0,0.0,0.0,0.0,0.0,0.0,0.0,0.0,0.0,0.0,242,40
0.0,0.0,0.0,0.0,0.0,0.0,0.0,0.0,0.0,0.0,0.0,0.0,0.0,0.0,0.0,0.0,0.0,0.0,0.0,0.0,0.0,0.0,0.0,0.0,0.0,0.0,0.0,0.0,0.0,0.0,0.0,558,40
0.002094980680560404,0.002107286595602187,0.0021027926512105564,0.002107075052778128,0.002105349582922632,0.0020993296909320755,0.0021008725830270096,0.002100969951924052,0.0021060477836761736,0.0021012835534769494,0.0021038379669509207,0.002098097401969846,0.0020982952246609635,0.0020991698929946636,0.002097620875693813,0.0020991644789825734,0.0020975385261245874,0.002098530058510491,0.002099966790017143,0.0021002056438152385,0.0020953409637483452,0.0021071160697015206,0.0021053042297333345,0.0021068732761649,0.0021035375838692294,0.0020982453668562167,0.002097378745625038,0.0021013390947111324,0.002106455825184476,0.0021030974187961674,0.0020956203926641385,85,40
0.0021175112197466296,0.0021299471234034113,0.002125408084129153,0.0021297343054269865,0.002127988404996764,0.0021219229216201535,0.002123483781113981,0.0021235976227042415,0.00212871418643001,0.002123887237857957,0.0021264741741075692,0.002120668488695808,0.0021208661037882626,0.002121744423868816,0.0021201800745585756,0.002121738316662195,0.002120122056034189,0.0021211080857183187,0.0021225557945042683,0.002122795863699654,0.0021178912395616112,0.002129776150585356,0.002127942875098124,0.0021295293398702238,0.00212615808280185,0.002120845676011438,0.002119966832525629,0.002123971842539405,0.002129128219583549,0.0021257167828759287,0.0021181945135061143,180,40
0.0014748160728222034,0.0016869705178515458,0.0016214150271310628,0.0016788849232427848,0.0016495203456743566,0.0015648567267143986,0.0015270254618131684,0.001554051921173671,0.0016196284278550948,0.0016293348615028331,0.0016633196105551844,0.0015801657031829057,0.0015538774979803847,0.0015751169849497477,0.0015561232963055818,0.001574150208464361,0.0015257936154439136,0.0014973316608069428,0.0015422312791960023,0.001551062681239953,0.0015033295802415482,0.001690313930852875,0.0016190696265825503,0.0016808375437199939,0.001626203644709391,0.0015933869716234438,0.001519257742873911,0.0015388625813040732,0.0016176392994927328,0.0016042081373688105,0.0015357137738656248,207,40
0.002140620289723708,0.002153189499779384,0.0021486042351819166,0.0021529753824031383,0.0021512085108677543,0.0021450964281293583,0.0021466757280589107,0.002146806596382811,0.002151962751724623,0.0021470713767715865,0.0021496917138217504,0.002143819207095155,0.002144016589418573,0.0021448986061185114,0.0021433185423834745,0.0021448917825228468,0.0021432856939171143,0.0021442659422497234,0.0021457248721719656,0.0021459661764745086,0.0021410206877241463,0.0021530180803526755,0.0021511628023650232,0.0021527671373611492,0.002149359404926807,0.002144026601966476,0.0021431351977298746,0.0021471860330388266,0.0021523829439972484,0.0021489169715853537,0.0021413485960442014,564,40
0.002164330710006635,0.0021770366747471278,0.0021724040102972576,0.0021768212329218327,0.0021750328281403956,0.002168873101267641,0.0021704713335407196,0.0021706198068778795,0.002175816444930171,0.002170858866441808,0.0021735135177313827,0.0021675724211930314,0.002167769544223078,0.002168655303294841,0.0021670591278408658,0.0021686477391025362,0.0021670523254396367,0.002168026500279717,0.002169496904121964,0.0021697394638096573,0.0021647521555096952,0.0021768648092471907,0.002174986939112197,0.0021766096141240224,0.0021731644598608846,0.002167811051877081,0.002166906734593074,0.0021710046058119226,0.002176242970649526,0.0021727208951545195,0.0021651055219101185,342,40
0.0021886665187015996,0.0022015128238735216,0.0021968315386132068,0.0022012960317097322,0.002199485508768673,0.002193277054310944,0.002194894730720068,0.0021950614129512148,0.0022002994578705576,0.002195273825803599,0.0021979637420986454,0.0021919522160134264,0.0021921490517892894,0.0021930385998870272,0.0021914258997525003,0.002193030269820519,0.0021914460585032935,0.0021924138534273815,0.002193895993357185,0.0021941398293005648,0.0021891097103349556,0.0022013405130806452,0.002199439437266938,0.002201080940953016,0.0021975973806145676,0.0021922231563219967,0.0021913055591438555,0.002195451725613263,0.0022007324985910963,0.0021971526872557063,0.0021894893948045,17,40
0.0022136530551714927,0.0022266434314124695,0.002221912255456387,0.0022264252621396505,0.0022245920121113363,0.002218333705934388,0.0022199713592395455,0.002220156881303405,0.0022254372920251513,0.002220341679448832,0.0022230678508865127,0.0022169839804092027,0.002217180499445076,0.002218073884146964,0.0022164442298607833,0.0022180647617978857,0.002216492306161899,0.0022174533996164843,0.0022189475476726097,0.0022191926813605965,0.002214118722533036,0.0022264706763714497,0.00222454575616129,0.002226206597070882,0.002222683606582996,0.0022172883523020838,0.0022163570930319658,0.002220552865465746,0.0022258770369267327,0.002222237787998245,0.002214525623404509,435,40
0.002239317049549559,0.002252455380329266,0.0022476729921950787,0.002252235806252277,0.0022503791948678934,0.0022440698700137377,0.002245728055099855,0.0022459330765530355,0.002251256848623208,0.0022460892474435844,0.002248852705717559,0.0022426944967539435,0.0022428906679440096,0.002243787937775067,0.002242140882456935,0.002243777995539096,0.0022422178764077297,0.0022431719308004684,0.0022446783694129893,0.002244924822980273,0.0022398059549841153,0.002252282182370646,0.002250332752468099,0.002252013460135532,0.0022484499734119934,0.002243033473115515,0.00224208815334783,0.0022463348966626387,0.002251703494937392,0.002248003033798796,0.002240241011139945,66,40
0.0,0.0,0.0,0.0,0.0,0.0,0.0,0.0,0.0,0.0,0.0,0.0,0.0,0.0,0.0,0.0,0.0,0.0,0.0,0.0,0.0,0.0,0.0,0.0,0.0,0.0,0.0,0.0,0.0,0.0,0.0,326,40
0.0009795626910317236,0.001375046774137406,0.0013129928910245103,0.0013511444861232338,0.0013041387359645756,0.0010995360666763475,0.0010549555204907802,0.0010697976064113974,0.0011454050009399022,0.0011109203432450021,0.0011796540819419984,0.0010435503958966697,0.0010946814560453054,0.0010279583837684314,0.0010287842474403527,0.001094460567123614,0.0010606646041138915,0.0010184623874028424,0.0010624959389699553,0.001118447643259044,0.0010196931999240815,0.0013721268555534221,0.0014092775068275634,0.0013312475206955778,0.0012422164048028778,0.0011233369033402257,0.0010474466642438804,0.0010927451472439425,0.0012036791094049918,0.0010762548028605962,0.0010468963834534013,274,40
0.0019484895481621137,0.0019615778813691772,0.0019561521443168498,0.0019651081781251975,0.001960577891213516,0.0019531249136555415,0.001978421422508028,0.001975415128248241,0.0019773041516629435,0.0019723770667069078,0.0019621121635315097,0.0019616199221164725,0.0019511485061600906,0.0019653162323187445,0.001954398534252698,0.0019488392244309525,0.0019603899877716755,0.0019554059148313603,0.001965516006107779,0.0019532176844420162,0.001946274333754234,0.0019635436326361647,0.0019532656376703922,0.0019670544931234915,0.0019591148834447914,0.0019498652231192065,0.001969430781700788,0.0019710138847267265,0.0019835575860891316,0.0019721708457097237,0.001951975733598373,90,40
1.7475728155340038e-05,9.846436132812562e-05,2.466408410901364e-05,9.652614227196591e-05,7.107689805380581e-05,4.2519729745074295e-05,4.0198049157556705e-05,4.703632603758608e-05,4.8383609356725215e-05,3.2413454077799534e-05,4.543496892259932e-05,3.339578720263397e-05,2.5628796911372696e-05,3.1454039629818653e-05,2.5628796911372696e-05,2.3696733804575712e-05,3.242491341622631e-05,1.9417475728155356e-05,2.7570544484188014e-05,3.526266732465588e-05,2.038834951456302e-05,9.030171128499775e-05,4.934482100721054e-05,7.923957687086267e-05,5.514721923674981e-05,8.872423777891258e-05,4.408506293079029e-05,3.344416098904173e-05,4.6596448191676886e-05,3.720530961522828e-05,3.339578720263397e-05,41,40
0.0022500653623792515,0.0022632684306969336,0.0022584607862266882,0.002263047091353804,0.0022611829017549264,0.00225482966963994,0.002256494835986268,0.0022566898673536174,0.0022620504884163107,0.0022568662518088175,0.0022596393805784866,0.0022534540203338355,0.0022536527943566712,0.0022545584651153684,0.002252902560204806,0.0022545489268931728,0.0022529619838745642,0.0022539321186125652,0.0022554489708513582,0.002255697570171038,0.0022505453298427487,0.0022630934146632923,0.0022611360151555135,0.0022628244029113628,0.0022592435922423634,0.002253774966168757,0.002252827173706784,0.0022570928285122185,0.0022624981378843597,0.0022587919470319563,0.0022509676481089107,187,40
0.0022769515285168728,0.0022903095880919145,0.0022854483052206307,0.0022900867809406656,0.002288198110169166,0.002281791504373026,0.0022834781856200873,0.002283693705077055,0.002289099690582603,0.002283839992395252,0.002286652203356651,0.0022803889512935005,0.0022805873518076344,0.0022814970702915347,0.0022798229408463253,0.0022814866706638496,0.0022799127575302025,0.0022808754550066764,0.0022824051656716495,0.0022826551424531137,0.002277455902497739,0.0022901341134519758,0.002288151029452747,0.002289860232181368,0.0022862369979674323,0.002280746257186477,0.002279783723330272,0.002284102784415975,0.002289554576369428,0.0022857841923646974,0.0022779077980549026,520,40
0.0023045995352701273,0.0023181169526399984,0.0023132005461754964,0.0023178926468112567,0.0023159787810789877,0.0023095174945645886,0.0023112263150911394,0.002311463068596157,0.0023169155337202456,0.002311578112572753,0.0023144305673164314,0.0023080871800285428,0.0023082851714104962,0.002309198990603639,0.002307506134446533,0.0023091876983529097,0.002307627475759897,0.0023085823518798464,0.0023101252373475996,0.002310376616109811,0.002305129177438303,0.0023179410212720783,0.002315931504080505,0.0023176621174237208,0.0023139952608743413,0.0023084821725667427,0.002307504448486789,0.00231187845135047,0.002317377878065778,0.0023135413005908453,0.002305611711854302,49,40
0.0,0.0,0.0,0.0,0.0,0.0,0.0,0.0,0.0,0.0,0.0,0.0,0.0,0.0,0.0,0.0,0.0,0.0,0.0,0.0,0.0,0.0,0.0,0.0,0.0,0.0,0.0,0.0,0.0,0.0,0.0,160,40
0.0023165135543285003,0.0023301025537190998,0.002325158394309629,0.0023298763661360375,0.002327953959802422,0.0023214454397589225,0.0023231621017314056,0.0023233889381537153,0.0023288810583426993,0.0023235243368044957,0.0023263878895556575,0.002320014152645966,0.0023202148540852124,0.0023211375538731687,0.00231943498782612,0.00232112666184883,0.0023195387438096284,0.002320510232263226,0.002322064325335209,0.0023223179811032364,0.002317034478354223,0.002329924711083363,0.0023279062137481067,0.0023296453809051815,0.0023259593447143745,0.0023203912307085957,0.002319410548180311,0.0023238056687094845,0.002329344634844503,0.0023255004383053164,0.002317504455794337,124,40
0.002345546024089427,0.002359302349899875,0.002354300321923322,0.002359074593327722,0.0023571257215332297,0.0023505598733224273,0.0023522997896968942,0.0023525489964875083,0.0023580898485688765,0.002352651457764698,0.0023555572934052652,0.0023490993925124144,0.0023492996532766416,0.002350226631868092,0.002348504407659018,0.002350214799516639,0.002348641386246162,0.002349604585151607,0.0023511724915663648,0.002351427613111138,0.0023460935566968827,0.002359124034232612,0.0023570777708407688,0.002358839423316019,0.0023551075818817493,0.0023495161751864143,0.0023485195280494326,0.0023529723513413267,0.0023585612647049796,0.0023546474800111676,0.002346595805893103,221,40
0.0023754399978193753,0.0023893685870419795,0.0023843070120747527,0.0023891392269007054,0.0023871630818659544,0.0023805384337403203,0.002382302311026576,0.0023825747367842987,0.0023881655766171948,0.0023826429555726314,0.0023855923893066774,0.002379047786435229,0.0023792475654755532,0.002380178880900071,0.002378436431092133,0.002380166072712025,0.00237860792019838,0.00237956238991628,0.0023811444659724416,0.002381401080576999,0.002376015118599164,0.00238918980092173,0.002387114924188984,0.0023888997357238524,0.0023851207335321084,0.002379505782905098,0.0023784926626634105,0.0023830049257663145,0.002388645084226167,0.0023846594438380604,0.0023765508468216604,257,40
0.0,0.0,0.0,0.0,0.0,0.0,0.0,0.0,0.0,0.0,0.0,0.0,0.0,0.0,0.0,0.0,0.0,0.0,0.0,0.0,0.0,0.0,0.0,0.0,0.0,0.0,0.0,0.0,0.0,0.0,0.0,539,40
0.0023887066982858744,0.0024027147997074793,0.002397622591405881,0.0024024834277902554,0.002400497615750361,0.002393821972953623,0.0023955946969219442,0.002395857369772647,0.002401491039034368,0.0023959459660407977,0.0023989081802830068,0.002392329499017468,0.0023925321005090613,0.0023934728234866814,0.0023917196723382377,0.002393460407859178,0.002391873688553243,0.00239284530464382,0.002394439486585574,0.002394698523530234,0.0023892734377228136,0.002402534001323859,0.0024004489617767996,0.002402243343795711,0.0023984430102114585,0.002392769858016091,0.0023917532007086614,0.0023962891521740084,0.002401972052792693,0.0023979765138230588,0.0023897969262558307,273,40
0.0,0.0,0.0,0.0,0.0,0.0,0.0,0.0,0.0,0.0,0.0,0.0,0.0,0.0,0.0,0.0,0.0,0.0,0.0,0.0,0.0,0.0,0.0,0.0,0.0,0.0,0.0,0.0,0.0,0.0,0.0,486,40
0.0005883387752514883,0.0009820160405270943,0.0007721050824824471,0.0009810091703024906,0.0008961687962740188,0.000728096320277707,0.0007911420388019487,0.0007984547669373835,0.0010261481369129577,0.0006829318025635025,0.0007110950640336396,0.0007489212553047774,0.0007052060920704213,0.0007694565927974713,0.0006813356962900635,0.0006969364008803506,0.0007512743195456914,0.0006547483247491009,0.0007196509683594851,0.0006798505178910814,0.0006487381042807191,0.0009487499297083753,0.0008009668458078779,0.0009580059308909951,0.0008206492541200875,0.0007222435501878187,0.0007650653488608989,0.0007369811542046532,0.0009850971238608965,0.0006810235887088973,0.0006587241747522087,29,40
0.0024201784694760616,0.002434367912755672,0.002429213033236521,0.002434134858397167,0.0024321203228389126,0.0024253828870691545,0.0024271808445232284,0.0024274680507535146,0.002433154254582342,0.00242752043951064,0.0024305285820621714,0.0024238586032031663,0.002424060684084964,0.0024250059396186572,0.002423231503017807,0.002424992492989839,0.0024234219965710325,0.00242438432955964,0.0024259934032224927,0.002426254004228849,0.002420774344619218,0.0024341866270840636,0.0024320714527492505,0.002433890219293694,0.0024300402375988625,0.0024243425105324123,0.002423308493943963,0.0024279070343686928,0.00243364379612222,0.0024295725114398697,0.002421333199325765,492,40
0.0,0.0,0.0,0.0,0.0,0.0,0.0,0.0,0.0,0.0,0.0,0.0,0.0,0.0,0.0,0.0,0.0,0.0,0.0,0.0,0.0,0.0,0.0,0.0,0.0,0.0,0.0,0.0,0.0,0.0,0.0,0,40
0.002434285011661347,0.002448558934450623,0.0024433715732453103,0.002448323769046736,0.0024462989018828344,0.0024395077811292703,0.0024413151839019404,0.00244159245309569,0.002447323751673813,0.00244166574085649,0.002444687614859567,0.0024379813052598062,0.002438186321678597,0.0024391414186617317,0.002437355640548866,0.0024391283716092473,0.0024375282633857286,0.002438508374113155,0.002440130194349835,0.002440393333027946,0.0024348724204163105,0.0024483755480887224,0.0024462495128153724,0.0024480784709777813,0.002444205816197849,0.0024384472346915143,0.0024374093756094894,0.002442033162096812,0.002447814939744024,0.0024437326548239456,0.0024354188459583402,111,40
0.002467477422469691,0.0024819425864089886,0.0024766891483560525,0.002481705652996586,0.0024796504799039273,0.002472794310680472,0.0024746283353345565,0.002474931578189298,0.002480718181646868,0.0024749665033304688,0.0024780368490695003,0.002471234228701098,0.0024714386810635296,0.0024723985214813882,0.002470590302702369,0.002472384382985797,0.0024708015589913128,0.0024717717753533672,0.0024734092727695133,0.0024736740523363335,0.0024680956616331944,0.0024817586950178624,0.0024796008649006283,0.002481455544241467,0.002477530528948899,0.002471746264658776,0.0024706900785987037,0.0024753798892162646,0.0024812183740217444,0.0024770560936629217,0.002468679520628099,285,40
0.0,3.88349514563064e-06,9.612611746610496e-09,3.88349514563064e-06,1.94174757281532e-06,0.0,9.7087378640766e-07,4.8543689320383e-06,3.88349514563064e-06,9.7087378640766e-07,9.7087378640766e-07,0.0,0.0,0.0,0.0,9.7087378640766e-07,0.0,0.0,0.0,9.7087378640766e-07,0.0,2.91262135922298e-06,2.8837835239831486e-08,2.91262135922298e-06,9.7087378640766e-07,0.0,9.7087378640766e-07,4.8543689320383e-06,1.9417475728155356e-05,0.0,0.0,424,40
0.0025017394444547237,0.0025164019777807636,0.0025110803808643905,0.002516163233999012,0.0025140767509960146,0.002507153716999199,0.00250901524149771,0.00250934552043326,0.002515188978908022,0.002509340446909184,0.0025124609001843335,0.0025055588160298936,0.002505762652034351,0.0025067273046395695,0.0025048959414456823,0.002506712030250104,0.0025051474446511797,0.0025061072115527745,0.0025077608259540217,0.0025080272795083404,0.0025023897393309574,0.0025162175853558986,0.002514026907321795,0.0025159081446447257,0.0025119290860608377,0.00250611884807968,0.0025050437020503963,0.002509801694637167,0.00251569848917886,0.002511453388406317,0.0025030125426112907,477,40
0.0,0.0,0.0,0.0,0.0,0.0,0.0,0.0,0.0,0.0,0.0,0.0,0.0,0.0,0.0,0.0,0.0,0.0,0.0,0.0,0.0,0.0,0.0,0.0,0.0,0.0,0.0,0.0,0.0,0.0,0.0,195,40
0.0018969606421088189,0.0019620374264577266,0.0019442461360039492,0.001959509111174092,0.0019541982974617947,0.0019233890139918753,0.0019112302539645938,0.0019212426481722005,0.0019395427770975424,0.0019120896288596864,0.001955028714057298,0.0019034308045323457,0.0019164038246942718,0.0019034254639779605,0.0019041638386596425,0.001922350691854517,0.0019062627583113928,0.0019049294309213848,0.0019223336774765688,0.0019215142435395716,0.0019031381150462518,0.001954097673810105,0.001943309755515279,0.0019490182987736075,0.0019377525096106474,0.0019201559191722468,0.0019078211565652914,0.001918602403597746,0.001951242047600113,0.0019150463353653883,0.0019149538135943295,277,40
0.0,0.0,0.0,0.0,0.0,0.0,0.0,0.0,0.0,0.0,0.0,0.0,0.0,0.0,0.0,0.0,0.0,0.0,0.0,0.0,0.0,0.0,0.0,0.0,0.0,0.0,0.0,0.0,0.0,0.0,0.0,378,40
0.0024977288331848512,0.0025123751029486304,0.002507052090579689,0.002512133667906545,0.0025100562909511443,0.0025030854828526905,0.0025049397979907337,0.0025052221242637604,0.002511105028315176,0.002505301169572409,0.002508401091146844,0.0025015204734090335,0.0025017311614724163,0.0025027119600829215,0.002500879453323477,0.0025026986622853783,0.002501053028962975,0.002502060957368602,0.002503725675662416,0.002503995862743707,0.002498329320693172,0.0025121867420055816,0.002510005570933956,0.0025118821200208917,0.002507908490288634,0.0025019946604354516,0.002500930160163181,0.002505674163602755,0.0025116087925510164,0.0025074224909817006,0.0024988870568140725,547,40
0.0025336469643549176,0.0025485001822515624,0.0025431056634615933,0.0025482568329563415,0.002546146663368906,0.0025391054448384827,0.002540988566560368,0.002541298983099181,0.0025472417503984678,0.0025413365444431663,0.002544488912849137,0.002537504078999285,0.0025377141591572732,0.0025387000968164243,0.002536843305186699,0.0025386856186196097,0.0025370586601304182,0.0025380558987616684,0.0025397375863595506,0.002540009550509228,0.002534280797245031,0.002548311273339411,0.002546095698533212,0.00254800008041489,0.002543969790061477,0.0025380281295289816,0.00253694380036009,0.0025417592475617977,0.0025477552566651237,0.0025434824084226127,0.002534879018759217,159,40
0.0,0.0,0.0,0.0,0.0,0.0,0.0,0.0,0.0,0.0,0.0,0.0,0.0,0.0,0.0,0.0,0.0,0.0,0.0,0.0,0.0,0.0,0.0,0.0,0.0,0.0,0.0,0.0,0.0,0.0,0.0,9,40
0.0019557121484609225,0.0019760513936367395,0.0019694176229645617,0.0019775842216772205,0.001974385981770632,0.001975595815196399,0.0019839369647899102,0.001987705413154967,0.001991976665676382,0.001983721545954604,0.0019743796335873484,0.0019764507637207874,0.0019666863321718144,0.0019770378742987134,0.0019692344418105927,0.001962065701176347,0.001966449091260253,0.0019654393438450035,0.001971887367022514,0.0019744117733608815,0.001960669675318281,0.0019781391895332704,0.001978549896634588,0.0019797464313993647,0.0019726216679180906,0.001971317871633128,0.001989524791857735,0.0019892993676165127,0.0020004894118906802,0.0019832142968825724,0.0019701365475690694,147,40
0.0,0.0,0.0,0.0,0.0,0.0,0.0,0.0,0.0,0.0,0.0,0.0,0.0,0.0,0.0,0.0,0.0,0.0,0.0,0.0,0.0,0.0,0.0,0.0,0.0,0.0,0.0,0.0,0.0,0.0,0.0,92,40
0.0,0.0,0.0,0.0,0.0,0.0,0.0,0.0,0.0,0.0,0.0,0.0,0.0,0.0,0.0,0.0,0.0,0.0,0.0,0.0,0.0,0.0,0.0,0.0,0.0,0.0,0.0,0.0,0.0,0.0,0.0,246,40
0.0,0.0,0.0,0.0,0.0,0.0,0.0,0.0,0.0,0.0,0.0,0.0,0.0,0.0,0.0,0.0,0.0,0.0,0.0,0.0,0.0,0.0,0.0,0.0,0.0,0.0,0.0,0.0,0.0,0.0,0.0,286,40
0.0025071103268304944,0.002521821792150435,0.0025164647997741726,0.0025215751277045577,0.002519498049267776,0.0025124182736741872,0.0025142736124223776,0.0025144903139281156,0.002520463954289965,0.0025146879303052628,0.0025177776584612683,0.00251088582334119,0.0025111073974322493,0.0025121167585981817,0.0025102716324759975,0.0025121061558509936,0.002510336847404931,0.002511418448574074,0.002513108761261075,0.00251338581381153,0.0025076444979564125,0.0025216267276282193,0.0025194457940946866,0.0025213270398773933,0.002517337149158664,0.0025112423409527915,0.0025101863885042997,0.0025149392651396194,0.002520962679328289,0.0025168337661766755,0.0025081142372435595,480,40
0.0,0.0,0.0,0.0,0.0,0.0,0.0,0.0,0.0,0.0,0.0,0.0,0.0,0.0,0.0,0.0,0.0,0.0,0.0,0.0,0.0,0.0,0.0,0.0,0.0,0.0,0.0,0.0,0.0,0.0,0.0,233,40
0.0025220861654168887,0.002536887952699105,0.0025314956028042483,0.002536638776949799,0.0025345512365723853,0.0025274092935292708,0.002529274288315274,0.0025294762724953138,0.002535502076624752,0.002529703468077225,0.00253280640903404,0.00252587691850752,0.0025261022399680564,0.002527123604006493,0.002525266078929653,0.002527113597025769,0.002525305508414742,0.0025264103509013537,0.0025281154045398483,0.0025283955168173868,0.002522607062574589,0.0025366902832688045,0.002534498346397319,0.0025363902648611546,0.002532376220357564,0.002526206884509485,0.002525147636930505,0.0025299267562850407,0.002536002116438497,0.00253186609480656,0.0025230579758891585,189,40
0.0,0.0,0.0,0.0,0.0,0.0,0.0,0.0,0.0,0.0,0.0,0.0,0.0,0.0,0.0,0.0,0.0,0.0,0.0,0.0,0.0,0.0,0.0,0.0,0.0,0.0,0.0,0.0,0.0,0.0,0.0,399,40
0.002537175295706121,0.0025520682300950387,0.0025466400603703174,0.0025518164638316295,0.0025497184952173583,0.002542512761246869,0.0025443874023580683,0.0025445736289620158,0.002550652947621632,0.0025448322750552714,0.002547948224584682,0.002540980997531745,0.0025412102353278257,0.0025422440395960503,0.0025403739418590355,0.002542234671126128,0.0025403858723047875,0.0025415151054433644,0.00254323528097496,0.0025435185576248758,0.00253768186328367,0.0025518678525259584,0.0025496649465057654,0.002551567585631205,0.0025475291860100014,0.0025412825471355757,0.002540220154263748,0.0025450255902557464,0.002551154215604526,0.002547012050158573,0.0025381125532444597,179,40
0.0,0.0,0.0,0.0,0.0,0.0,0.0,0.0,0.0,0.0,0.0,0.0,0.0,0.0,0.0,0.0,0.0,0.0,0.0,0.0,0.0,0.0,0.0,0.0,0.0,0.0,0.0,0.0,0.0,0.0,0.0,69,40
0.0019799165937321337,0.0019942747343087513,0.001978946554589262,0.001996861219217838,0.0019923338285157254,0.00199083972678274,0.002016443934584665,0.002009991842077251,0.0020106664209119975,0.001996436128079881,0.002004654156196887,0.001994325889121052,0.001983578075759574,0.0019961900139198203,0.001986132189847403,0.001983068841620583,0.0019995419810243816,0.0019870794604712476,0.0019982342990670044,0.0019962110056328066,0.0019829985212278887,0.00199354116221416,0.0019832857853146297,0.0019967397289241233,0.0019884123143267215,0.001983723381668766,0.0020059180191583964,0.0020058688234792926,0.002012268127898049,0.001994841064296532,0.0019903262678170617,40,40
0.0,0.0,0.0,0.0,0.0,0.0,0.0,0.0,0.0,0.0,0.0,0.0,0.0,0.0,0.0,0.0,0.0,0.0,0.0,0.0,0.0,0.0,0.0,0.0,0.0,0.0,0.0,0.0,0.0,0.0,0.0,432,40
0.0,0.0,0.0,0.0,0.0,0.0,0.0,0.0,0.0,0.0,0.0,0.0,0.0,0.0,0.0,0.0,0.0,0.0,0.0,0.0,0.0,0.0,0.0,0.0,0.0,0.0,0.0,0.0,0.0,0.0,0.0,358,40
0.002502951658089429,0.002517660477355658,0.002512282490434237,0.002517404987562712,0.00251534866136186,0.0025081037719112314,0.002509943340633798,0.0025100172201532253,0.00251612759056686,0.002510467183112969,0.0025135051353543467,0.0025066559788465845,0.002506898751118358,0.002507959587408416,0.002506105266856252,0.0025079548665077646,0.002505937485009632,0.002507166594726183,0.002508895424131248,0.002509184516111631,0.0025033384501309446,0.0025174529266750734,0.0025152936202292213,0.0025171667215811346,0.0025131805949477337,0.002506756717740335,0.002505729319638118,0.002510455202140184,0.0025166106806132965,0.0025126448091556675,0.002503614943339964,258,40
0.0,0.0,0.0,0.0,0.0,0.0,0.0,0.0,0.0,0.0,0.0,0.0,0.0,0.0,0.0,0.0,0.0,0.0,0.0,0.0,0.0,0.0,0.0,0.0,0.0,0.0,0.0,0.0,0.0,0.0,0.0,38,40
0.002542215103157882,0.002557150522156545,0.0025516938510924733,0.0025568927797927033,0.002554800906666316,0.002547475984097115,0.0025493468224130744,0.0025494489396376873,0.0025556272899763498,0.0025498579336616263,0.0025529524090481346,0.002545989871524367,0.0025462323529959344,0.0025472997280254856,0.0025454186484044176,0.002547293818411361,0.002545292501218547,0.00254651251289033,0.002548260608138166,0.002548551859299763,0.002542635807620738,0.0025569421504840666,0.0025547455481319935,0.0025566489874849175,0.0025526008735581793,0.002546140695790719,0.0025450920864638583,0.0025498957356269204,0.0025561207727879303,0.002552063000692192,0.002542953221557541,135,40
0.0,0.0,0.0,0.0,0.0,0.0,0.0,0.0,0.0,0.0,0.0,0.0,0.0,0.0,0.0,0.0,0.0,0.0,0.0,0.0,0.0,0.0,0.0,0.0,0.0,0.0,0.0,0.0,0.0,0.0,0.0,304,40
0.0025565391151702145,0.0025715620434084248,0.0025660700175411224,0.0025713014242775773,0.0025692004343584414,0.0025618069575126636,0.002563686379033356,0.0025637670951554475,0.0025700028778877417,0.002564217371558415,0.0025673220862211374,0.002560325138724984,0.0025605723132078673,0.0025616539012246814,0.0025597603322545393,0.002561648862942247,0.002559597548562168,0.0025608474659872043,0.0025626117849739186,0.002562906605291391,0.0025569395918478384,0.002571350521627537,0.0025691443207713164,0.002571057709982747,0.0025669863468311275,0.0025604374472329283,0.0025593870641944004,0.0025642148313488686,0.002570496856946703,0.002566440316030462,0.0025572291040167313,34,40
0.0025983306836564538,0.0026135947906806133,0.002608019029976957,0.0026133317787840763,0.002611192944036958,0.002603714373639601,0.002605627084822944,0.002605737931591027,0.002612045994447365,0.0026061444685408974,0.0026093093702802784,0.0026021917249129953,0.0026024385785557765,0.0026035270984454744,0.0026016050538542022,0.0026035207918328057,0.0026014867078233634,0.0026027268630522335,0.0026045116667038123,0.0026048087786711563,0.0025987673331988193,0.002613382401766528,0.0026111364941183443,0.0026130821773922563,0.002608944837161704,0.002602357477625197,0.002601284503534626,0.0026061950546740053,0.0026125510432181247,0.002608396602343112,0.0025991005019175726,67,40
0.002641769880865121,0.002657284617083984,0.0026516219000213594,0.0026570191427231467,0.0026548409249476197,0.002647274378016422,0.0026492217251655,0.0026493642705413684,0.002655747071953509,0.002649724669525429,0.002652952255667239,0.0026457090705657464,0.002645955533185965,0.002647051116444153,0.0026450995062771987,0.0026470434758526836,0.0026450279711625856,0.00264625758100956,0.0026480635666964545,0.0026483630273167434,0.0026422445202005608,0.00265707136102404,0.0026547841331013497,0.0026567633970310525,0.002652557486195665,0.0026459310553079663,0.0026448345280103086,0.0026498311778683165,0.002656263666362739,0.0026520070491382773,0.002642623580090939,335,40
0.0026869572339656344,0.0027027326247439348,0.002696979535502188,0.0027024646146654764,0.00270024538050268,0.0026925878115199838,0.002694571224039337,0.0026947471424167745,0.002701207279732218,0.0026950588394872715,0.0026983517632525158,0.0026909778987747237,0.0026912238942781892,0.0026923266764070754,0.0026903443451343056,0.002692317631739655,0.002690322156589416,0.0026915403788016186,0.0026933682833206176,0.002693670152130347,0.002687471801949297,0.0027025185024926986,0.0027001882410082247,0.002702202451065898,0.002697925218076035,0.0026912590927509143,0.0026901379893615037,0.002695224256358629,0.002701735925863402,0.0026973725831792358,0.0026878991385188523,308,40
0.002734001634624215,0.0027500483280498743,0.002744201240444462,0.0027497777051808774,0.0027475157181378433,0.0027397639061181814,0.0027417849034708274,0.0027419959850079343,0.0027485362055581063,0.002742256236171676,0.0027456173198041013,0.002738107313647301,0.0027383527594640666,0.0027394628801280536,0.002737448601228449,0.0027394523564491903,0.0027374784715971656,0.0027386843994404164,0.002740535002156959,0.0027408393413950374,0.0027345582026731515,0.0027498333416524625,0.002747458225149572,0.0027495088322662996,0.0027451573544095484,0.0027384509000506294,0.002737304131812438,0.0027424837550678854,0.0027490774422103143,0.0027446025290221677,0.002735036365513639,370,40
0.0,0.0,0.0,0.0,0.0,0.0,0.0,0.0,0.0,0.0,0.0,0.0,0.0,0.0,0.0,0.0,0.0,0.0,0.0,0.0,0.0,0.0,0.0,0.0,0.0,0.0,0.0,0.0,0.0,0.0,0.0,403,40
0.0,0.0,0.0,0.0,0.0,0.0,0.0,0.0,0.0,0.0,0.0,0.0,0.0,0.0,0.0,0.0,0.0,0.0,0.0,0.0,0.0,0.0,0.0,0.0,0.0,0.0,0.0,0.0,0.0,0.0,0.0,120,40
0.0,0.0,0.0,0.0,0.0,0.0,0.0,0.0,0.0,0.0,0.0,0.0,0.0,0.0,0.0,0.0,0.0,0.0,0.0,0.0,0.0,0.0,0.0,0.0,0.0,0.0,0.0,0.0,0.0,0.0,0.0,501,40
0.00269140559017132,0.0027072231396951217,0.002701438493939708,0.002706947876946003,0.0027047377298214745,0.002696937079341169,0.0026989144167936553,0.0026989855830450308,0.0027055645380696875,0.002699484103141466,0.0027027480809271136,0.002695385048257855,0.0026956473522877257,0.0026967911493082225,0.002694796500084083,0.002696786413621635,0.002694602556656856,0.0026959328825423394,0.002697794280511402,0.0026981058650855207,0.00269181299482909,0.002706999217832789,0.002704678377618893,0.0027066922179404054,0.0027024057993583544,0.0026954785478501752,0.002694375351206573,0.0026994559479109267,0.0027060831410566193,0.0027018277419876714,0.0026920991252712308,545,40
0.002740507135905743,0.002756608076496609,0.00275072501306933,0.0027563299912180825,0.0027540754006849556,0.0027461745573753504,0.002748190991916751,0.002748297385828687,0.0027549614422350587,0.002748744823132688,0.002752079458878843,0.002744574654464247,0.0027448366077667073,0.0027459886138002463,0.002743960493231284,0.0027459823950665586,0.0027438184769995027,0.0027451375147444137,0.0027470230307181332,0.002747337322990074,0.0027409568624155627,0.0027563831202446635,0.002754015649827155,0.002756067426819912,0.002751703487298425,0.0027447306360511205,0.0027436009294417108,0.0027487787670559772,0.0027554930331816817,0.002751122799963394,0.002741294051482079,62,40
0.0027917766284420954,0.002808173395625755,0.0028021876746979575,0.002807892395813312,0.002805591338463592,0.002797586503248308,0.002799643805935963,0.002799787486075492,0.0028065398833511824,0.0028001806927058772,0.0028035892708978202,0.0027959363248223536,0.0027961978357408535,0.0027973582255081684,0.002795295199042447,0.0027973504375345803,0.002795208225285343,0.002796514949148195,0.0027984255020462295,0.00279874257742009,0.00279227106283186,0.0028079474045580415,0.0028055311814953144,0.002807622587895791,0.0028031777147870824,0.0027961584484620123,0.0027950009667417966,0.0028002804061755173,0.002807085088007558,0.0028025943987661497,0.0027926622446812098,344,40
0.002845362583717719,0.0028620684624707958,0.0028559755571264302,0.002861784450856617,0.0028594347627198865,0.002851321896173639,0.0028534219608205213,0.002853605142813944,0.0028604493258622262,0.0028539407268003214,0.002857426762179421,0.002849618864636981,0.0028498798328084433,0.002851048787016753,0.0028489493232073705,0.0028510393370456844,0.002848920746832768,0.0028502140439969105,0.0028521506110385335,0.002852470548677037,0.002845904291961102,0.002861841437573902,0.0028593741919985087,0.0028615070370701925,0.0028569775842631527,0.0028499110698466026,0.0028487244581843155,0.002854110161243797,0.0028610088145124835,0.0028563916446637918,0.0028463526234224984,457,40
0.002901427427854506,0.002918456632042935,0.002912251701557428,0.002918169505654789,0.0029157688689357584,0.0029075436697662766,0.002909688524509713,0.0029099135965530787,0.0029168532341088084,0.002910187897555056,0.0029137551569468328,0.0029057850168645715,0.002906045332282805,0.002907223037888022,0.0029050854993866266,0.0029072118259493096,0.002905118938682832,0.002906397600262349,0.002908361222194805,0.002908684105301136,0.002902019173547661,0.0029182285759204564,0.00291570787662988,0.00291788409710555,0.002913266163175312,0.0029061515502279605,0.002904934355555406,0.0029104313132334147,0.002917427725825425,0.002912677609479326,0.0029025280560576313,31,40
0.0029601491692160973,0.0029775169305739846,0.0029711947904925966,0.0029772265802446487,0.0029747725084598563,0.002966430389471219,0.0029686222097371094,0.0029688917500258673,0.0029759307552286902,0.002969100812036494,0.002972753338820442,0.0029646131374970004,0.0029648726794552485,0.002966059329935259,0.0029638819634076772,0.0029660462481182273,0.0029639813267399425,0.002965244037647044,0.0029672358245864715,0.0029675617407151867,0.002960793933435464,0.002977287847680263,0.0029747110865488164,0.0029769327588900574,0.0029722221626221623,0.0029650585836889015,0.002963809245112167,0.0029694228092854904,0.002976521022643847,0.002971631009309309,0.0029613670376852606,555,40
0.0,0.0,0.0,0.0,0.0,0.0,0.0,0.0,0.0,0.0,0.0,0.0,0.0,0.0,0.0,0.0,0.0,0.0,0.0,0.0,0.0,0.0,0.0,0.0,0.0,0.0,0.0,0.0,0.0,0.0,0.0,443,40
0.002985019805466509,0.0030025374456039665,0.00299615675213921,0.0030022429758456686,0.002999771433896097,0.002991327051695326,0.0029935349781967085,0.0029937808660581286,0.003000905688520835,0.0029940376515752145,0.002997712379418695,0.0029895094700749117,0.002989775115933958,0.002990981405476641,0.002988783515651622,0.002990969280585792,0.002988841346277785,0.0029901418276765323,0.0029921578663570413,0.0029924887946142058,0.0029856433365865014,0.0030023041076283254,0.0029997089733335494,0.0030019483978025573,0.002997197704727955,0.002989912234656021,0.002988657275377121,0.0029943145271158628,0.0030014982214048745,0.002996595537968827,0.0029861862420086554,400,40
0.0,0.0,0.0,0.0,0.0,0.0,0.0,0.0,0.0,0.0,0.0,0.0,0.0,0.0,0.0,0.0,0.0,0.0,0.0,0.0,0.0,0.0,0.0,0.0,0.0,0.0,0.0,0.0,0.0,0.0,0.0,5,40
0.0030487440007179456,0.003066629001759018,0.003060121165431336,0.0030663310493975696,0.0030638014903414373,0.0030552305341232724,0.0030574894490667075,0.0030577838399540556,0.0030650162413092576,0.0030579693915064555,0.003061736731338558,0.003053349219303984,0.0030536139884874205,0.003054829892921716,0.003052588803366339,0.003054815728709577,0.0030527185771156732,0.003054001490609962,0.003056048022133582,0.003056382220160813,0.003049425320511494,0.003066394571713039,0.0030637385685479065,0.003066027325582466,0.003061176081286407,0.0030538380608985515,0.003052548173014943,0.003058331997930039,0.0030656259194385667,0.00306057115097822,0.0030500382517828876,59,40
0.0,0.0,0.0,0.0,0.0,0.0,0.0,0.0,0.0,0.0,0.0,0.0,0.0,0.0,0.0,0.0,0.0,0.0,0.0,0.0,0.0,0.0,0.0,0.0,0.0,0.0,0.0,0.0,0.0,0.0,0.0,496,40
0.0,0.0,0.0,0.0,0.0,0.0,0.0,0.0,0.0,0.0,0.0,0.0,0.0,0.0,0.0,0.0,0.0,0.0,0.0,0.0,0.0,0.0,0.0,0.0,0.0,0.0,0.0,0.0,0.0,0.0,0.0,289,40
0.0,0.0,0.0,0.0,0.0,0.0,0.0,0.0,0.0,0.0,0.0,0.0,0.0,0.0,0.0,0.0,0.0,0.0,0.0,0.0,0.0,0.0,0.0,0.0,0.0,0.0,0.0,0.0,0.0,0.0,0.0,346,40
0.0,0.0,0.0,0.0,0.0,0.0,0.0,0.0,0.0,0.0,0.0,0.0,0.0,0.0,0.0,0.0,0.0,0.0,0.0,0.0,0.0,0.0,0.0,0.0,0.0,0.0,0.0,0.0,0.0,0.0,0.0,531,40
0.0,0.0,0.0,0.0,0.0,0.0,0.0,0.0,0.0,0.0,0.0,0.0,0.0,0.0,0.0,0.0,0.0,0.0,0.0,0.0,0.0,0.0,0.0,0.0,0.0,0.0,0.0,0.0,0.0,0.0,0.0,305,40
0.0,0.0,0.0,0.0,0.0,0.0,0.0,0.0,0.0,0.0,0.0,0.0,0.0,0.0,0.0,0.0,0.0,0.0,0.0,0.0,0.0,0.0,0.0,0.0,0.0,0.0,0.0,0.0,0.0,0.0,0.0,425,40
0.0,0.0,0.0,0.0,0.0,0.0,0.0,0.0,0.0,0.0,0.0,0.0,0.0,0.0,0.0,0.0,0.0,0.0,0.0,0.0,0.0,0.0,0.0,0.0,0.0,0.0,0.0,0.0,0.0,0.0,0.0,347,40
0.0028151008628766383,0.002831692588612939,0.002825577243664267,0.0028313846360956685,0.002829110467964144,0.0028205675239598776,0.002822608195883723,0.00282237348918905,0.002829573015021047,0.0028234432243601122,0.002826755980168955,0.0028191223527647725,0.002819443509725442,0.0028207552091262904,0.0028186422936835286,0.0028207629812333403,0.0028179340684697128,0.0028196495220414236,0.0028216861342042435,0.0028220391618157866,0.002815209101714394,0.002831430578349247,0.002829042154348296,0.0028311376475826855,0.0028266480344600825,0.0028186663929917408,0.0028175706561840213,0.00282284328449859,0.002830083319889632,0.002825971283924209,0.0028150907293518065,462,40
0.0,0.0,0.0,0.0,0.0,0.0,0.0,0.0,0.0,0.0,0.0,0.0,0.0,0.0,0.0,0.0,0.0,0.0,0.0,0.0,0.0,0.0,0.0,0.0,0.0,0.0,0.0,0.0,0.0,0.0,0.0,165,40
0.002827845481482986,0.00284452077668995,0.0028383661342639924,0.0028442078413677702,0.002841930103197018,0.0028332797544887295,0.0028353247325679665,0.002835033600746724,0.0028423227060220928,0.002836206370985409,0.002839515995372275,0.0028318599516089244,0.0028321909432039924,0.00283352923543396,0.0028314019918853463,0.002833539321644745,0.002830600057221559,0.0028323812977548296,0.002834443187760048,0.002834802670859435,0.00282789728149244,0.0028442526022416717,0.0028418603639698836,0.0028439633916410023,0.0028394523438388664,0.0028313027589058288,0.0028302124773079713,0.0028355015495622896,0.0028428295667075254,0.002838759612911008,0.0028277035784129,550,40
0.0028918896322161665,0.002908935605075807,0.0029026511594227884,0.002908618544772969,0.002906283669338436,0.0028974941432867354,0.0028995895069275704,0.002899337481334123,0.0029067446285849213,0.0029004557582255983,0.0029038553027751378,0.002896015843887108,0.00289634741374014,0.0028976989657162906,0.002895527476245441,0.002897707399196342,0.0028947820865362593,0.0028965557741522895,0.0028986511062311865,0.002899014721314973,0.002891989597983244,0.0029086654662500502,0.0029062132721753347,0.0029083655401435458,0.002903753243120326,0.0028955278920556474,0.002894404320202267,0.0028998193079703295,0.0029072677185731834,0.0029030554855919016,0.002891853248263061,295,40
0.002959567966301031,0.002977005504995086,0.0029705840908276935,0.002976684147570725,0.0029742887765518257,0.0029653533616341684,0.0029675020550856603,0.0029672923102243565,0.002974823214307922,0.002968351306988708,0.002971846187080792,0.0029638126956264693,0.0029641447319205677,0.0029655099396211897,0.0029632917756827956,0.002965516587257796,0.00296260770143353,0.0029643724062464478,0.002966502800953041,0.002966870698666273,0.0029597198134432706,0.002976733376231505,0.0029742177033834994,0.002976422039480734,0.0029717027669937945,0.002963399625147544,0.0029622406942316753,0.002967788870748332,0.0029753635538381134,0.002970999920539251,0.0029596453623731735,119,40
0.0019548603209625904,0.0019988497331011284,0.002012523314451166,0.0020000081171153224,0.001988352630038941,0.0020075863576996273,0.0020104266345503975,0.0020187594749136763,0.0020284430663260865,0.001991908997804683,0.001993408871710129,0.0019705684228187533,0.0019775555801739625,0.001967761716773635,0.001967411174331989,0.001992860207598048,0.0019696757924855344,0.001969486157814013,0.0019797152254671727,0.001979840246793478,0.0019648693768637366,0.0020078189015449903,0.001998487773517325,0.0020074446642430856,0.0019910837211214926,0.001994040067838935,0.002004099368999521,0.0020225026093013544,0.0020313416658035814,0.001998529854507888,0.0019924494914678424,172,40
1.7652250661959635e-07,1.0405840398389631e-06,1.228542387003615e-06,1.0245147077069083e-06,7.409457351971227e-07,2.0821640609811186e-05,0.00014795805320385328,2.1884079160833652e-05,1.0240482388805104e-05,1.6822699252747945e-05,0.0004627700675117154,3.3969399324534264e-07,2.6123954585886506e-07,3.200803813987233e-07,2.6123954585886506e-07,2.5143249476539635e-07,1.295081294980088e-05,1.9613611846621573e-07,1.251698504375967e-06,5.3481325192064694e-05,1.1767961165047465e-06,9.460614849046439e-07,1.503104216907373e-06,8.354685822005657e-07,5.679683427391431e-07,6.419830335031516e-05,0.0002206020243587542,1.495124469700572e-05,0.0001295764477762265,0.0006023456624458818,0.00013410533291009194,3,40
0.0016480956160593485,0.0018589078783472163,0.0017138857093842534,0.0018619043123204444,0.0018199762797813054,0.0016776619147343642,0.001734056832879477,0.0017888441728702866,0.0018163503025289136,0.0016672755924341785,0.0018004648998257802,0.0017185647467285478,0.0016827079495451613,0.0017310459924836125,0.0017024287703231245,0.001694651981493724,0.0018353042894374714,0.0019025503082584026,0.0017868275116268732,0.0018103472964309257,0.0017380089584250209,0.0018579512363023924,0.0017450837506464774,0.0018623306129834408,0.0017964588781786974,0.0016773041088672354,0.0017054714628761598,0.0018737984242962634,0.0017199209027989688,0.0017236485007572821,0.0017069716162787666,68,40
0.000843648234298714,0.001037153118274171,0.000942318496068074,0.0010537093186413257,0.0010220305527843586,0.0010946662347879243,0.0012096942685446586,0.001133525176908949,0.001321241182300149,0.0012624688967537829,0.0010736170144013237,0.0010039207688090227,0.0009320264394402293,0.0009842948679991235,0.0009323835289797799,0.0009401341131602148,0.0009702290703392042,0.0008694336264080746,0.0009912501635011657,0.0009979589484624247,0.0008980732161782159,0.001067988384666423,0.0009517837087667474,0.0010687927734571703,0.0010121442161149731,0.001184664362242478,0.001069386728863105,0.0010182556988109735,0.0013309764544636655,0.0011318493712613746,0.001020921477413489,448,40
0.003031204068248942,0.003049055914413374,0.003042489737258544,0.0030487300751205777,0.0030462705460747898,0.00303718198529691,0.0030393872187017158,0.0030392232537128794,0.0030468840951208944,0.003040217682901355,0.0030438138098436256,0.003035574713805866,0.0030359070884130616,0.003037286367411929,0.0030350188878364368,0.003037291082512052,0.0030344013929416887,0.0030361555137532956,0.0030383227237579732,0.0030386950644757963,0.003031411886387815,0.0030487817716505156,0.003046198778069619,0.0030484582633959504,0.003043625780184068,0.003035242742582515,0.0030340461916941773,0.003039735483428181,0.003047442799636862,0.003042917786722962,0.003031404340683431,442,40
0.0031071611715665446,0.003125452146954517,0.0031187327066657528,0.0031251216270832324,0.003122593935830414,0.00311334436348091,0.003115609645713115,0.003115495327043959,0.003123292805979021,0.003116419334060521,0.0031201231768020676,0.0031116658319889573,0.003111998398033663,0.003113392184821741,0.003111072510011267,0.0031133948053289357,0.0031105274169395906,0.0031122691572163953,0.003114475082655093,0.0031148520374211673,0.0031074294731292963,0.003125175968073631,0.0031225214533593445,0.0031248394534180886,0.0031198869528890807,0.0031114218312804807,0.0031101851833238905,0.0031160242504071085,0.0031238710980955493,0.0031191737597812096,0.003107494361378342,408,40
0.001981435342294688,0.0020420587296613975,0.002015354158791171,0.0020425446185006165,0.0020364795093964854,0.001990750991301469,0.002014974108407704,0.002032652182061093,0.0020417383164325867,0.001985935450921562,0.0019941194893743222,0.0020056492596825263,0.0019870114233294343,0.0020063119578817875,0.0019962542835439403,0.0019929593588532265,0.0019829826496087152,0.001986269595717941,0.0020021964911708465,0.0019932687873542012,0.0019823048878160683,0.0020392764714711924,0.0020120223224462043,0.002038693365935879,0.002023325222031366,0.001990482933461879,0.0019794988755554416,0.0020166273695372957,0.002038822377123042,0.001983704429364672,0.0019687205296473245,4,40
0.003187848428015271,0.003206605696957793,0.003199723699191093,0.003206270282280998,0.0032036700393064735,0.003194250908053064,0.003196580084772866,0.0031965196958709356,0.0032044610945900984,0.003197366781493738,0.0032011854381870895,0.003192495991977618,0.003192828580973108,0.003194237334386488,0.003191862316454284,0.003194237680804516,0.003191396082190127,0.003193123421953186,0.003195370128123663,0.003195751879712768,0.003188182205036508,0.003206327462321557,0.0032035968219079414,0.003205977022673543,0.0032008970547446353,0.00319234757483373,0.0031910681085847263,0.0031970664379956824,0.0032050603179798395,0.0032001786162384176,0.0031883256480760014,307,40
0.0,0.0,0.0,0.0,0.0,0.0,0.0,0.0,0.0,0.0,0.0,0.0,0.0,0.0,0.0,0.0,0.0,0.0,0.0,0.0,0.0,0.0,0.0,0.0,0.0,0.0,0.0,0.0,0.0,0.0,0.0,386,40
0.003211870289673239,0.003230778121370159,0.003223831604204307,0.003230436266497449,0.0032278237625284357,0.0032182587186888054,0.0032206000689380017,0.0032204788630148095,0.0032285422351969505,0.0032214393909846713,0.00322526705681277,0.0032165253711360104,0.003216869603821419,0.0032183114924421302,0.003215913385181137,0.003218314326181448,0.0032153449617710935,0.0032171485779619244,0.003219429721743567,0.0032198196458754526,0.003212144512151914,0.0032304923625796848,0.0032277487762555936,0.00323014478424357,0.0032250253271744397,0.0032162677116701725,0.003214989960522484,0.0032210253929113794,0.003229139699905379,0.0032242873919214633,0.00321220748707855,404,40
0.0,0.0,0.0,0.0,0.0,0.0,0.0,0.0,0.0,0.0,0.0,0.0,0.0,0.0,0.0,0.0,0.0,0.0,0.0,0.0,0.0,0.0,0.0,0.0,0.0,0.0,0.0,0.0,0.0,0.0,0.0,434,40
0.0032348475211786652,0.003253900957512155,0.003246890543867455,0.003253552267911905,0.0032509293004315144,0.0032412117695548703,0.0032435638367426974,0.003243374051425719,0.0032515648050394303,0.00324446154675622,0.0032482944220293512,0.0032395050512285216,0.0032398619966666434,0.003241339462198855,0.0032389183744380764,0.0032413451034870987,0.003238235192885264,0.003240122675279686,0.003242439777622298,0.003242838431970439,0.0032350540774075892,0.0032536070659983773,0.003250852412356291,0.003253263173159113,0.003248105735700396,0.003239124258206272,0.003237850105559382,0.0032439196314062637,0.00325215950581878,0.0032473467234780977,0.0032350260235153323,19,40
0.0,0.0,0.0,0.0,0.0,0.0,0.0,0.0,0.0,0.0,0.0,0.0,0.0,0.0,0.0,0.0,0.0,0.0,0.0,0.0,0.0,0.0,0.0,0.0,0.0,0.0,0.0,0.0,0.0,0.0,0.0,517,40
0.0032563752401185333,0.0032755671425009018,0.0032684940521404676,0.0032752111805655557,0.0032725800378793028,0.0032627030009640436,0.003265063914916627,0.003264796473757565,0.003273120368642541,0.0032660266981499406,0.003269860065358973,0.003261028957309795,0.003261399842405378,0.0032629156407422786,0.0032604718692567924,0.0032629244641707855,0.0032596592590749124,0.0032616393632699326,0.0032639940431390766,0.0032644020528551487,0.0032565046168581717,0.003275264426186149,0.003272501097720929,0.0032749252080152957,0.003269731917634123,0.0032605087907575736,0.0032592405311856337,0.0032653402018319715,0.0032737110867549733,0.0032689500310922083,0.0032563731695440315,535,40
0.0033533253001174646,0.003373078032698976,0.0033658088606193315,0.0033727159544531572,0.0033699980773005244,0.0033599128067641542,0.0033623501704498904,0.0033621439043350788,0.0033706444572591168,0.003363288131966364,0.003367258267420903,0.003358149072078079,0.0033585205334142696,0.00336005566715312,0.0033575450861565454,0.0033600619073372064,0.0033568213040218774,0.0033587879037106413,0.0033611926350688975,0.003361606726417724,0.0033535296221259385,0.0033727725203856387,0.003369918181003252,0.003372416900962313,0.003367070379059667,0.0033577372619510958,0.003356418235810451,0.0033627087824786486,0.003371259948686538,0.003366281344271576,0.003353487665954627,445,40
0.003457539683618893,0.003477894981023367,0.003470415430030246,0.003477526450229357,0.0034747151109886607,0.0034644083416425202,0.0034669280510768894,0.0034667894266253033,0.0034754779362516754,0.0034678378744012056,0.003471955642505354,0.003462547110227575,0.003462918905956713,0.0034644741214183046,0.0034618918869428767,0.0034644775072940025,0.0034612666665939044,0.0034632167766369664,0.003465674763652786,0.0034660952271284313,0.003457826502566848,0.0034775866325118445,0.003474634224876807,0.0034772132112903913,0.0034717020141787104,0.003462255148209183,0.003460881197395977,0.00346737717471423,0.00347612025292888,0.003470905734826219,0.0034578832867259175,554,40
0.003569879787161171,0.0035908843162078923,0.0035831784166351823,0.0035905089638269497,0.003587596623871805,0.0035770536529517866,0.003579662313011216,0.003579598672713331,0.003588487665226731,0.0035805402040279604,0.0035848177931912667,0.0035750861306532503,0.0035754579737394022,0.0035770340650525846,0.003574374768119639,0.0035770342889238837,0.0035738591758063517,0.003575789342786642,0.00357830413794168,0.003578731288915775,0.0035702576623408023,0.003590573096338581,0.0035875147124756843,0.003590180296756545,0.003584491625951804,0.0035749270664651297,0.003573493519291939,0.003580211222392748,0.003589159113741431,0.0035836880197414496,0.0035704236801258026,236,40
0.0,0.0,0.0,0.0,0.0,0.0,0.0,0.0,0.0,0.0,0.0,0.0,0.0,0.0,0.0,0.0,0.0,0.0,0.0,0.0,0.0,0.0,0.0,0.0,0.0,0.0,0.0,0.0,0.0,0.0,0.0,117,40
0.0,0.0,0.0,0.0,0.0,0.0,0.0,0.0,0.0,0.0,0.0,0.0,0.0,0.0,0.0,0.0,0.0,0.0,0.0,0.0,0.0,0.0,0.0,0.0,0.0,0.0,0.0,0.0,0.0,0.0,0.0,157,40
0.0,0.0,0.0,0.0,0.0,0.0,0.0,0.0,0.0,0.0,0.0,0.0,0.0,0.0,0.0,0.0,0.0,0.0,0.0,0.0,0.0,0.0,0.0,0.0,0.0,0.0,0.0,0.0,0.0,0.0,0.0,162,40
0.0035117989257420976,0.0035325021199463236,0.0035248661043392584,0.00353211572575564,0.0035292829079617855,0.0035185830397142116,0.0035211256874369936,0.003520798526391547,0.0035298152093209377,0.003522193961331975,0.0035263153237695376,0.0035168000184130823,0.003517205859750249,0.003518855008180848,0.003516216219328922,0.003518866118472289,0.0035152765361309516,0.0035174525582945624,0.00352000317164561,0.003520446583912422,0.0035118986121297985,0.0035321721755862097,0.0035291969946856447,0.0035318098811950444,0.0035262084631267794,0.0035161696534621676,0.0035148092030473106,0.003521382122895162,0.003530448235277933,0.0035253562080034464,0.0035117045134585977,78,40
0.0,0.0,0.0,0.0,0.0,0.0,0.0,0.0,0.0,0.0,0.0,0.0,0.0,0.0,0.0,0.0,0.0,0.0,0.0,0.0,0.0,0.0,0.0,0.0,0.0,0.0,0.0,0.0,0.0,0.0,0.0,409,40
0.0,0.0,9.7087378640766e-07,0.0,0.0,0.0,0.0,0.0,0.0,0.0,0.0,0.0,0.0,0.0,0.0,0.0,0.0,0.0,0.0,0.0,0.0,0.0,2.91262135922298e-06,0.0,0.0,0.0,0.0,0.0,0.0,0.0,0.0,484,40
0.0035345611223548583,0.00355541615122644,0.0035477064093398236,0.0035550197635839803,0.003552182620017305,0.0035412699714910253,0.003543818806391023,0.0035433739907006854,0.003552568037464751,0.0035449833839272856,0.0035490936266920244,0.0035395419870860928,0.0035399679482793975,0.003541670888929963,0.003539005057840827,0.0035416868270246914,0.003537870416221456,0.0035401816238649665,0.0035427822794317516,0.0035432387021524245,0.0035345426521199578,0.0035550736798738184,0.003552093820234102,0.0035547195682297077,0.003549079529166166,0.0035387005847908838,0.003537353052926978,0.0035439530779880534,0.003553193157706627,0.003548194794885438,0.0035341912087807556,334,40
0.003664041519515101,0.0036856462801583252,0.0036776736719178757,0.003685241417395323,0.0036822890112784747,0.0036710923878320086,0.0036737429028258946,0.0036733750592903534,0.00368280990743621,0.0036748779887845993,0.003679169341923063,0.00366924734374466,0.0036696747904540177,0.0036714053186713514,0.0036686498541698273,0.003671418001425509,0.0036676261144063978,0.0036699242427389155,0.0036725931156571176,0.0036730580755574543,0.003664118278278214,0.00368529964939676,0.0036821988391722883,0.003684924064358582,0.0036790792841706844,0.0036685421839178257,0.0036671277412028405,0.0036739820538511676,0.0036834676217801596,0.0036781838997344595,0.003663879964278474,42,40
0.0038056945183050864,0.003828118991084128,0.003819859494644806,0.0038277050698500466,0.00382462616526305,0.003813122957184981,0.0038158850046535638,0.0038156046617613976,0.0038252995605451857,0.0038169852795494168,0.003821475847537394,0.0038111479508499153,0.003811576524356028,0.003813336005419477,0.003810482764173473,0.0038133449912742447,0.0038095857342322105,0.003811866103332945,0.003814608651895119,0.003815082662718971,0.0038058788440447095,0.0038277681059098977,0.0038245345582056285,0.0038273687286486495,0.003821300025344967,0.0038105977390722277,0.0038091094757390417,0.0038162424234750424,0.00382599327540065,0.0038203937576309173,0.003805768742630922,173,40
0.003961353127571093,0.003984677793131242,0.003976103821098056,0.0039842541582327685,0.0039810357973085846,0.003969200296655512,0.003972085234591144,0.003971904753111104,0.003981881596348279,0.003973144386937317,0.00397785508134306,0.003967080340293085,0.00396750959049132,0.003969299503176739,0.003966339136826811,0.00396930427392005,0.003965587408647599,0.003967844375168926,0.003970666808006041,0.003971150439201846,0.003961659470011355,0.003984322566430365,0.003980942688218332,0.003983896706436116,0.003977582014454251,0.003966707041093507,0.00396513696042694,0.003972576590227735,0.003982615256736063,0.003976664652827645,0.0039616952692318064,223,40
0.004133238430562667,0.004157556488383994,0.004148636139123916,0.00415712239948796,0.004153749534266042,0.004141552315561388,0.004144573328957125,0.004144507319371938,0.004154791174949733,0.0041455838224118465,0.004150538965862587,0.004139269877696009,0.0041396992392810725,0.004141521188878828,0.004138442891455352,0.004141521132201871,0.0041378584786061715,0.004140085200871536,0.004142994627250158,0.004143488513175005,0.0041336838286089965,0.004157196845256347,0.004153654851260297,0.004156741358957839,0.00415015511926216,0.004139099457384672,0.00413743824004624,0.004145217085557239,0.004155569381601506,0.004149226487222626,0.004133886412660854,201,40
0.0018475837165962794,0.0018706978063187218,0.0018914288401880284,0.0018762482239531794,0.00187168581400038,0.0018650355142767114,0.0019239123224085784,0.001921857904164493,0.001909934990092495,0.0018931836207543133,0.0019014245252919806,0.001883942569884053,0.001860190700914195,0.0018879493006963928,0.001867013805394875,0.0018549280175084535,0.0018837194047357211,0.0018624304254562802,0.0018793435351232206,0.001873359392305407,0.0018515706771878061,0.0018803103053352409,0.0019031609527161279,0.001886537456995873,0.0018721335843585034,0.0018747514014887802,0.0019154145842019278,0.0019200985958642129,0.001914994146478205,0.001903512644183882,0.001882788541330339,133,40
0.004324068111725656,0.004349488318346773,0.004340184418968519,0.004349042933286518,0.004345497954009046,0.004332905087918162,0.004336077600477428,0.004336143462122325,0.004346763244479773,0.004337030372029172,0.004342258472706283,0.004330439503816969,0.004330868265055563,0.004332723998175842,0.004329515183307569,0.004332718385146952,0.004329124345082343,0.004331312477286806,0.004334317097996781,0.00433482194925863,0.004324672809525499,0.004349124202086157,0.004345401620059291,0.004348635388259216,0.004341747767976137,0.004330502889952752,0.0043287395914631726,0.004336895680997775,0.004347591404201263,0.004340807739220431,0.004325067022185814,232,40
0.0,0.0,0.0,0.0,0.0,0.0,0.0,0.0,0.0,0.0,0.0,0.0,0.0,0.0,0.0,0.0,0.0,0.0,0.0,0.0,0.0,0.0,0.0,0.0,0.0,0.0,0.0,0.0,0.0,0.0,0.0,413,40
0.0,0.0,0.0,0.0,0.0,0.0,0.0,0.0,0.0,0.0,0.0,0.0,0.0,0.0,0.0,0.0,0.0,0.0,0.0,0.0,0.0,0.0,0.0,0.0,0.0,0.0,0.0,0.0,0.0,0.0,0.0,514,40
0.004537203645614511,0.004563853993112969,0.004554122860127788,0.004563396346659311,0.00455965846948482,0.004546630511329447,0.004549972719770386,0.0045501913461320756,0.004561180681507765,0.004550856783544204,0.004556391541316867,0.004543957215031305,0.004544384476315884,0.004546275897707985,0.0045429217807050285,0.004546263853308003,0.0045427561008811275,0.004544895389985847,0.004548004742959901,0.004548521360563226,0.004537991897757705,0.004563485373531806,0.004559560402098013,0.004562958837127515,0.0045557347180139466,0.004544291551667708,0.004542413209028186,0.004550991373184774,0.004562065202769978,0.004554783238744349,0.004538607540687216,244,40
0.0,0.0,0.0,0.0,0.0,0.0,0.0,0.0,0.0,0.0,0.0,0.0,0.0,0.0,0.0,0.0,0.0,0.0,0.0,0.0,0.0,0.0,0.0,0.0,0.0,0.0,0.0,0.0,0.0,0.0,0.0,415,40
0.004619894351957255,0.004647050123413022,0.004637114556236893,0.004646575766095731,0.004642785453092173,0.004629359754656958,0.004632751370385073,0.004632844851829852,0.004644167383077097,0.004633751443316542,0.004639344787503393,0.004626712167535353,0.0046271667630429485,0.004629140830782472,0.004625714476793823,0.004629133882293025,0.004625334685013294,0.004627648292082581,0.004630851766445685,0.004631389128627947,0.004620564187355464,0.004646663174873059,0.00464268299463742,0.004646138812548638,0.0046387804465695395,0.004626821293240809,0.004624933012035153,0.004633650191797487,0.004645054602903891,0.004637781499500707,0.00462101659657888,562,40
0.0,0.0,0.0,0.0,0.0,0.0,0.0,0.0,0.0,0.0,0.0,0.0,0.0,0.0,0.0,0.0,0.0,0.0,0.0,0.0,0.0,0.0,0.0,0.0,0.0,0.0,0.0,0.0,0.0,0.0,0.0,291,40
0.0,0.0,0.0,0.0,0.0,0.0,0.0,0.0,0.0,0.0,0.0,0.0,0.0,0.0,0.0,0.0,0.0,0.0,0.0,0.0,0.0,0.0,0.0,0.0,0.0,0.0,0.0,0.0,0.0,0.0,0.0,16,40
0.004701060235166772,0.004728717574502162,0.004718573838697893,0.004728224495305074,0.004724387059868208,0.004710526539289292,0.004713963463622224,0.004713898329590261,0.004725584739633237,0.004715105085252209,0.0047207442195600705,0.004707924809821742,0.004708411651551719,0.004710480189649435,0.004706979852984588,0.004710479715859889,0.004706331409516325,0.004708853616192646,0.004712159853633783,0.004712720716877539,0.004701577046967827,0.004728309417939247,0.004724279569878829,0.004727790450813854,0.004720299596697962,0.004707748789392993,0.004705857484178565,0.004714706316700139,0.004726470889428157,0.004719245709752633,0.004701820896118535,546,40
0.0049858521127726756,0.005015154044601934,0.0050044382341098426,0.005014644209383497,0.005010549721433829,0.004996100699543126,0.004999763859890347,0.004999897106077058,0.005012083225682374,0.005000818117897966,0.005006865126699475,0.004993224735774236,0.004993710442799197,0.004995828810591815,0.004992133826967981,0.004995819979647181,0.004991776850219483,0.004994239812623509,0.0049976876594562646,0.0049982647488575425,0.004986608283406493,0.005014739354207362,0.005010439799398981,0.005014170505723182,0.0050062299065103885,0.004993400470415792,0.004991356523807177,0.005000768562257802,0.0050130440887636366,0.005005159379223077,0.004987140247556282,293,40
0.0,0.0,0.0,0.0,0.0,0.0,0.0,0.0,0.0,0.0,0.0,0.0,0.0,0.0,0.0,0.0,0.0,0.0,0.0,0.0,0.0,0.0,0.0,0.0,0.0,0.0,0.0,0.0,0.0,0.0,0.0,350,40
0.005089418627603691,0.005119359532765077,0.005108379503147761,0.0051188262416979515,0.005114670814675568,0.005099675258716076,0.005103396827348207,0.005103334362481527,0.0051159779103958775,0.00510462653167156,0.005110734155466739,0.0050968539582898955,0.005097379799824171,0.005099616218286633,0.005095827408454498,0.005099615373993071,0.005095138556071925,0.005097860687838022,0.005101437721387448,0.005102044211734092,0.005089986411332322,0.00511891838187988,0.005114554607171445,0.005118355808702901,0.005110246290338582,0.005096677816202048,0.005094628754223222,0.005104209675804484,0.0051169381024636276,0.0051091072190632275,0.0050902612805292305,392,40
0.0,0.0,0.0,0.0,0.0,0.0,0.0,0.0,0.0,0.0,0.0,0.0,0.0,0.0,0.0,0.0,0.0,0.0,0.0,0.0,0.0,0.0,0.0,0.0,0.0,0.0,0.0,0.0,0.0,0.0,0.0,102,40
0.0051860759492915725,0.005216625475115819,0.005205381994779263,0.005216065082960006,0.005211862546691504,0.005196257135658151,0.005200026054995961,0.0051997005591112,0.005212853751692113,0.005201481681902301,0.005207619556836235,0.0051935331807254,0.005194108646516878,0.005196485226699594,0.0051926019358476145,0.0051964951448206145,0.005191471954009031,0.005194520200780017,0.005198241115411844,0.005198882097132745,0.005186385263560011,0.00521615240183353,0.0052117388523161175,0.005215603011677696,0.0052073342329117325,0.00519288466161673,0.005190845947470808,0.005200573703650055,0.0052138049630930505,0.005206112437865602,0.005186311600807852,551,40
0.005593143821488154,0.005626046242188161,0.005613982053662406,0.005625460968916829,0.005620892758673116,0.005604428344371927,0.005608519355200757,0.005608463053919358,0.005622345288981806,0.005609861218360003,0.005616577387042691,0.005601320689491316,0.0056018967072682495,0.005604349869224026,0.005600187123991716,0.0056043484331598364,0.005599450274968602,0.005602428890896599,0.005606356380424346,0.005607021814967493,0.005593780496944541,0.005625562538507635,0.0056207652984792845,0.00562494315930227,0.005616031248726458,0.005601149228709926,0.005598895038052755,0.005609425887450786,0.005623401799319888,0.005614782318318889,0.005594099250828016,225,40
0.0,0.0,0.0,0.0,0.0,0.0,0.0,0.0,0.0,0.0,0.0,0.0,0.0,0.0,0.0,0.0,0.0,0.0,0.0,0.0,0.0,0.0,0.0,0.0,0.0,0.0,0.0,0.0,0.0,0.0,0.0,146,40
0.006085647300328454,0.00612139302916739,0.006108340569876573,0.006120779101557979,0.006115765754157261,0.006098289796434536,0.006102772490850995,0.006103064234392278,0.006117805516975149,0.0061039594218895345,0.0061113825761364895,0.006094705027066986,0.00609527832914789,0.006097815807072703,0.006093316878177895,0.006097799713733953,0.006093092211714191,0.00609596315794661,0.006100134095467729,0.006100827153986382,0.0060867030275844145,0.006120898473744384,0.006115634188472902,0.006120192378797684,0.0061105028033875824,0.006095150787224888,0.006092631690542218,0.006104137185053808,0.006118991749688364,0.00610922625724772,0.006087526755611038,447,40
0.0,0.0,0.0,0.0,0.0,0.0,0.0,0.0,0.0,0.0,0.0,0.0,0.0,0.0,0.0,0.0,0.0,0.0,0.0,0.0,0.0,0.0,0.0,0.0,0.0,0.0,0.0,0.0,0.0,0.0,0.0,306,40
0.00019021511127811065,0.0002843861638525649,0.00031294248577638345,0.00028495535562254035,0.0002903042512173757,0.00026962093144967855,0.00033102513240442166,0.0003228539026731303,0.00027499618243515835,0.00025803524571850353,0.00029458319725455027,0.00023733332230499354,0.00022367145661701597,0.00024061619394606646,0.000218045111497666,0.00024792157566346054,0.00028674321334737254,0.00020362053345736938,0.0003085042248294282,0.0002694357147100564,0.00021159765254466956,0.0003357108994738812,0.0004688201021983819,0.00033949037082523756,0.00030682995002062,0.0002532049420944271,0.0003104811694585545,0.00039992281396904406,0.00033885367643459526,0.00034398779332113353,0.0002840716001711914,128,40
0.0020435353603710624,0.0020574948242088136,0.002057651631919881,0.0020604866097016514,0.0020562443521937343,0.0020495637714051523,0.002062157590584513,0.0020616449951639322,0.0020700325880513076,0.0020750241581898297,0.002054008171820618,0.002057703938235786,0.0020546884424436263,0.0020597002448221433,0.002049871664392939,0.0020409991042809766,0.002038867820203869,0.0020397589073478037,0.0020544978860880282,0.002062585706044759,0.002035884715548243,0.002059848268587227,0.0020662018589652767,0.0020610544674617664,0.002054228353030278,0.0020453627081067007,0.002025745698285192,0.0020416008653545386,0.002071336028816354,0.002068512136930078,0.0020358904051387622,247,40
0.006283527862115369,0.006320488397760157,0.006306939421056194,0.006319832223982098,0.0063146976260205455,0.0062962266471926626,0.006300824472474176,0.006300781926651022,0.006316356389416765,0.006302315949392295,0.006309867901601318,0.006292723467760114,0.006293367451430417,0.006296115692419533,0.006291440904045886,0.006296113226807606,0.006290646949932661,0.006293971529233455,0.0062983777990876545,0.006299123554314759,0.006284264415688013,0.006319946850320984,0.006314554850404828,0.006319249131401691,0.006309237602983849,0.006292567930826014,0.0062900316010165505,0.00630186509255678,0.006317545461136068,0.006307839342768771,0.0062846504870237956,483,40
0.006998950558492527,0.007040040371231942,0.0070250571572905655,0.007039342990436874,0.007033560993779138,0.007013628607977733,0.007018795975620877,0.007019265441138593,0.007036081156083543,0.007020057417739799,0.007028638461113965,0.007009428652386979,0.007010067717377227,0.007012936037877575,0.007007773454199022,0.007012912015948487,0.007007734025110157,0.0070108954590428815,0.0070156535016395755,0.007016438819746651,0.007000302451887132,0.007039483638702973,0.007033412384139702,0.007038659368001429,0.00702751831334944,0.007010181228710315,0.007007258879605557,0.007020509027587789,0.007037459334361758,0.007026081438682835,0.007001430751895044,110,40
0.007939883802553536,0.007986395828457235,0.007969538188661335,0.007985647929835157,0.007979007572509874,0.007957223569006551,0.007963145061699,0.007964344675200243,0.007982734493715999,0.00796406006076759,0.007974013159649471,0.00795207449713326,0.00795269850320855,0.007955703584000046,0.007949904326866673,0.007955648875139143,0.00795095002036393,0.007953837414905896,0.007959041655287472,0.007959874028558162,0.007942103348274781,0.007985824226518291,0.007978852434081843,0.007984828341013533,0.007972202855583114,0.007954123079060111,0.00795068235658219,0.007965803321350018,0.007984367285444167,0.007970728433575765,0.007944284498248768,439,40
0.009234634492670172,0.009288595008107971,0.009269175449762652,0.009287782955758635,0.009279951424043002,0.009255722200416807,0.009262688757889163,0.00926497576894041,0.009285446480896613,0.009263063068346948,0.009274931233100825,0.009249219453379568,0.009249810219999252,0.009252972635885787,0.009246304411631491,0.009252872296992657,0.00924897844615942,0.009251402091049703,0.009257196327398656,0.009258086194779644,0.009238132985324795,0.009288010380929556,0.009279788969259387,0.009286770811064996,0.009272104363711136,0.009253199500772974,0.009249029924053704,0.009266736278200235,0.009287438223161757,0.00927059756860378,0.009241874605247773,284,40
0.0,0.0,0.0,0.0,0.0,0.0,0.0,0.0,0.0,0.0,0.0,0.0,0.0,0.0,0.0,0.0,0.0,0.0,0.0,0.0,0.0,0.0,0.0,0.0,0.0,0.0,0.0,0.0,0.0,0.0,0.0,410,40
0.0,0.0,0.0,0.0,0.0,0.0,0.0,0.0,0.0,0.0,0.0,0.0,0.0,0.0,0.0,0.0,0.0,0.0,0.0,0.0,0.0,0.0,0.0,0.0,0.0,0.0,0.0,0.0,0.0,0.0,0.0,329,40
0.0,0.0,0.0,0.0,0.0,0.0,0.0,0.0,0.0,0.0,0.0,0.0,0.0,0.0,0.0,0.0,0.0,0.0,0.0,0.0,0.0,0.0,0.0,0.0,0.0,0.0,0.0,0.0,0.0,0.0,0.0,142,40
0.009101429014808704,0.009154942351599648,0.009135348072892244,0.009154001445613026,0.00914654632475767,0.009119974481717235,0.009126647345360592,0.009126732809639824,0.009149140369716811,0.009128693895850568,0.00913968075101151,0.00911481548920898,0.009115726006561761,0.009119651843588289,0.009112893259988278,0.009119642217504189,0.00911198370395499,0.009116645066485211,0.009122984702543035,0.009124051993006943,0.009102647133607387,0.009154171168455572,0.00914634248616048,0.009153147144233756,0.009138648808176185,0.009114853677005163,0.009111152235246932,0.009128312287096159,0.009150877979424512,0.009136657803813432,0.009103405060686224,407,40
0.0,0.0,0.0,0.0,0.0,0.0,0.0,0.0,0.0,0.0,0.0,0.0,0.0,0.0,0.0,0.0,0.0,0.0,0.0,0.0,0.0,0.0,0.0,0.0,0.0,0.0,0.0,0.0,0.0,0.0,0.0,6,40
0.0,0.0,0.0,0.0,0.0,0.0,0.0,0.0,0.0,0.0,0.0,0.0,0.0,0.0,0.0,0.0,0.0,0.0,0.0,0.0,0.0,0.0,0.0,0.0,0.0,0.0,0.0,0.0,0.0,0.0,0.0,487,40
0.006554275639037571,0.006594005803357474,0.006578256456850343,0.006592821759568643,0.0065884022404437,0.006559567197598041,0.006563676459296144,0.006555924704053556,0.006580103565192338,0.0065711947810721955,0.006576548275571442,0.0065603555983410715,0.006562194058759043,0.006567936157100392,0.006562396928681064,0.006568250847978182,0.006548969240620355,0.006560514505100236,0.006567346119270054,0.006568800216809237,0.006547118499277749,0.006592747901741927,0.006588097900047378,0.006592722651372493,0.0065821253289161455,0.006546387449871065,0.00654519189292432,0.006556501384058017,0.006580542758013834,0.006578868619243991,0.006537108539732779,11,40
0.008192844548796964,0.00824250725419684,0.008222820571062928,0.0082410271994608,0.008235502800554621,0.008199458996997554,0.00820459557412018,0.008194905880066945,0.008225129456490423,0.008213993476340248,0.008220685344464306,0.00820044449792634,0.008202742573448801,0.008209920196375495,0.00820299616085133,0.008210313559972728,0.008186211550775445,0.008200643131375293,0.00820918264908757,0.008211000271011543,0.008183898124097182,0.008240934877177412,0.008235122375059217,0.00824090331421562,0.00822765666114518,0.00818298431233883,0.008181489866155401,0.00819562673007252,0.008225678447517294,0.008223585774054992,0.008171385674665972,268,40
0.012289266823195442,0.01236376088129526,0.012334230856594387,0.012361540799191197,0.012353254200831928,0.012299188495496327,0.012306893361180266,0.012292358820100421,0.01233769418473564,0.012320990214510372,0.012331028016696458,0.01230066674688951,0.012304113860173202,0.012314880294563235,0.012304494241276998,0.012315470339959084,0.012279317326163164,0.012300964697062947,0.012313773973631356,0.012316500406517314,0.012275847186145779,0.012361402315766115,0.012352683562588826,0.012361354971323422,0.012341484991717777,0.012274476468508246,0.012272234799233103,0.012293440095108778,0.012338517671275931,0.012335378661082488,0.012257078511998955,419,40
