node,id,radius_mean,texture_mean,perimeter_mean,area_mean,smoothness_mean,compactness_mean,concavity_mean,concave points_mean,symmetry_mean,fractal_dimension_mean,radius_se,texture_se,perimeter_se,area_se,smoothness_se,compactness_se,concavity_se,concave points_se,symmetry_se,fractal_dimension_se,radius_worst,texture_worst,perimeter_worst,area_worst,smoothness_worst,compactness_worst,concavity_worst,concave points_worst,symmetry_worst,fractal_dimension_worst
421,0.0,0.0,0.0,0.0,0.0,0.0,0.0,0.0,0.0,0.0,0.0,0.0,0.0,0.0,0.0,0.0,0.0,0.0,0.0,0.0,0.0,0.0,0.0,0.0,0.0,0.0,0.0,0.0,0.0,0.0,0.0
47,0.0,0.0,0.0,0.0,0.0,0.0,0.0,0.0,0.0,0.0,0.0,0.0,0.0,0.0,0.0,0.0,0.0,0.0,0.0,0.0,0.0,0.0,0.0,0.0,0.0,0.0,0.0,0.0,4.498425551056635e-09,0.0,0.0
292,0.0,0.0,0.0,0.0,0.0,0.0,0.0,4.1771000844291575e-08,1.810062507187659e-07,0.0,0.0,0.0,0.0,0.0,0.0,0.0,0.0,0.0,0.0,0.0,0.0,1.3923698134222918e-08,0.0,0.0,0.0,0.0,0.0,2.784739626844583e-08,5.986975785531475e-07,0.0,0.0
186,0.0,0.0,0.0,0.0,0.0,0.0,0.0,0.0,0.0,0.0,0.0,0.0,0.0,0.0,0.0,0.0,0.0,0.0,0.0,0.0,0.0,0.0,0.0,0.0,0.0,0.0,0.0,0.0,1.5664146889521216e-08,0.0,0.0
414,0.0,0.0,0.0,0.0,0.0,0.0,0.0,0.0,0.0,0.0,0.0,0.0,0.0,0.0,0.0,0.0,0.0,0.0,0.0,0.0,0.0,0.0,0.0,0.0,0.0,0.0,0.0,0.0,0.0,0.0,0.0
132,0.0,0.0,0.0,0.0,0.0,0.0,0.0,0.0,5.7332874670329654e-09,0.0,0.0,0.0,0.0,0.0,0.0,0.0,0.0,0.0,0.0,0.0,0.0,0.0,0.0,0.0,0.0,0.0,0.0,0.0,2.866639034978261e-08,0.0,0.0
161,0.0,0.0,0.0,0.0,0.0,0.0,0.0,0.0,0.0,0.0,0.0,0.0,0.0,0.0,0.0,0.0,0.0,0.0,0.0,0.0,0.0,0.0,0.0,0.0,0.0,0.0,0.0,0.0,0.0,0.0,0.0
197,0.0,0.0,0.0,0.0,0.0,0.0,0.0,0.0,0.0,0.0,0.0,0.0,0.0,0.0,0.0,0.0,0.0,0.0,0.0,0.0,0.0,0.0,0.0,0.0,0.0,0.0,0.0,0.0,0.0,0.0,0.0
245,0.0,0.0,0.0,0.0,0.0,0.0,0.0,0.0,0.0,0.0,0.0,0.0,0.0,0.0,0.0,0.0,0.0,0.0,0.0,0.0,0.0,0.0,0.0,0.0,0.0,0.0,0.0,0.0,4.533297066956299e-09,0.0,0.0
453,0.0,0.0,0.0,0.0,0.0,0.0,0.0,8.860535176323674e-09,7.088395690172796e-08,0.0,0.0,0.0,0.0,0.0,0.0,0.0,0.0,0.0,0.0,0.0,0.0,0.0,0.0,0.0,0.0,0.0,0.0,1.7721070352647347e-08,2.2151007693463724e-07,0.0,0.0
411,0.0,0.0,0.0,0.0,0.0,0.0,0.0,0.0,0.0,0.0,0.0,0.0,0.0,0.0,0.0,0.0,0.0,0.0,0.0,0.0,0.0,0.0,0.0,0.0,0.0,0.0,0.0,0.0,1.580526532996735e-08,0.0,0.0
214,0.0,0.0,0.0,0.0,0.0,0.0,0.0,0.0,0.0,0.0,0.0,0.0,0.0,0.0,0.0,0.0,0.0,0.0,0.0,0.0,0.0,0.0,0.0,0.0,0.0,0.0,0.0,0.0,1.594894956023978e-08,0.0,0.0
283,0.0,0.0,0.0,0.0,0.0,0.0,0.0,0.0,0.0,0.0,0.0,0.0,0.0,0.0,0.0,0.0,0.0,0.0,0.0,0.0,0.0,0.0,0.0,0.0,0.0,0.0,0.0,0.0,0.0,0.0,0.0
107,0.0,0.0,0.0,0.0,0.0,0.0,0.0,0.0,0.0,0.0,0.0,0.0,0.0,0.0,0.0,0.0,0.0,0.0,0.0,0.0,0.0,0.0,0.0,0.0,0.0,0.0,0.0,0.0,0.0,0.0,0.0
542,0.0,0.0,0.0,0.0,0.0,0.0,0.0,0.0,0.0,0.0,0.0,0.0,0.0,0.0,0.0,0.0,0.0,0.0,0.0,0.0,0.0,0.0,0.0,0.0,0.0,0.0,0.0,0.0,0.0,0.0,0.0
518,0.0,0.0,0.0,0.0,0.0,0.0,0.0,0.0,0.0,0.0,0.0,0.0,0.0,0.0,0.0,0.0,0.0,0.0,0.0,0.0,0.0,0.0,0.0,0.0,0.0,0.0,0.0,0.0,1.6095270198407118e-08,0.0,0.0
324,0.0,0.0,0.0,0.0,0.0,0.0,0.0,8.99685110211327e-09,6.567626035050316e-07,0.0,0.0,0.0,0.0,0.0,0.0,0.0,0.0,0.0,0.0,0.0,0.0,0.0,0.0,0.0,0.0,0.0,0.0,1.7993702204226535e-08,8.096907541170285e-07,0.0,0.0
488,0.0,0.0,0.0,0.0,0.0,0.0,0.0,1.0259567046269517e-08,1.1285441267259273e-07,0.0,0.0,0.0,0.0,0.0,0.0,0.0,0.0,0.0,0.0,0.0,0.0,0.0,0.0,0.0,0.0,0.0,0.0,2.051913409253903e-08,3.180400517008441e-07,0.0,0.0
376,0.0,0.0,0.0,0.0,0.0,0.0,0.0,0.0,0.0,0.0,0.0,0.0,0.0,0.0,0.0,0.0,0.0,0.0,0.0,0.0,0.0,0.0,0.0,0.0,0.0,0.0,0.0,0.0,0.0,0.0,0.0
237,0.0,0.0,0.0,0.0,0.0,0.0,0.0,0.0,0.0,0.0,0.0,0.0,0.0,0.0,0.0,0.0,0.0,0.0,0.0,0.0,0.0,0.0,0.0,0.0,0.0,0.0,0.0,0.0,1.6244300478022e-08,0.0,0.0
362,0.0,0.0,0.0,0.0,0.0,0.0,0.0,6.961849067111459e-09,3.480917111866147e-08,0.0,0.0,0.0,0.0,0.0,0.0,0.0,0.0,0.0,0.0,0.0,0.0,0.0,0.0,0.0,0.0,0.0,0.0,0.0,1.1138871897381957e-07,0.0,0.0
420,0.0,0.0,0.0,0.0,0.0,0.0,0.0,6.2212268259293886e-09,6.034571166285016e-07,0.0,0.0,0.0,0.0,0.0,0.0,0.0,0.0,0.0,0.0,0.0,0.0,0.0,0.0,0.0,0.0,0.0,0.0,0.0,6.47001113119862e-07,0.0,0.0
451,0.0,0.0,0.0,0.0,0.0,0.0,0.0,4.278980574293283e-08,1.8542103732166262e-07,0.0,0.0,0.0,0.0,0.0,0.0,0.0,0.0,0.0,0.0,0.0,0.0,1.426330052774055e-08,0.0,0.0,0.0,0.0,0.0,2.8526601055481095e-08,6.132999585178584e-07,0.0,0.0
519,0.0,0.0,0.0,0.0,0.0,0.0,0.0,7.90263948158598e-09,3.951311316172383e-08,0.0,0.0,0.0,0.0,0.0,0.0,0.0,0.0,0.0,0.0,0.0,0.0,0.0,0.0,0.0,0.0,0.0,0.0,1.5805278963171958e-08,1.4224620747494207e-07,0.0,0.0
65,0.0,0.0,0.0,0.0,0.0,0.0,0.0,1.0442773600667188e-08,1.1486967004174617e-07,0.0,0.0,0.0,0.0,0.0,0.0,0.0,0.0,0.0,0.0,0.0,0.0,0.0,0.0,0.0,0.0,0.0,0.0,2.0885547201334372e-08,3.2371933833835914e-07,0.0,0.0
242,0.0,0.0,0.0,0.0,0.0,0.0,0.0,0.0,0.0,0.0,0.0,0.0,0.0,0.0,0.0,0.0,0.0,0.0,0.0,0.0,0.0,0.0,0.0,0.0,0.0,0.0,0.0,0.0,0.0,0.0,0.0
558,0.0,0.0,0.0,0.0,0.0,0.0,0.0,0.0,0.0,0.0,0.0,0.0,0.0,0.0,0.0,0.0,0.0,0.0,0.0,0.0,0.0,0.0,0.0,0.0,0.0,0.0,0.0,0.0,0.0,0.0,0.0
85,2.2492127755283173e-07,1.934274989911211e-06,2.69905533063448e-07,2.114183533905599e-06,1.6194128055180401e-06,6.297756785125013e-07,4.9024093771685785e-06,3.0134733273986365e-06,7.194983372729994e-06,7.6472754535914e-07,1.3495276653169905e-07,8.547008547008605e-07,1.799370220422654e-07,8.547008547008605e-07,6.297795771479788e-07,1.799370220422654e-07,4.4984255510571343e-07,1.799370220422654e-07,3.598719448193236e-07,6.747530364372226e-07,2.2492127755283173e-07,3.6885056388692128e-06,4.4984255510571343e-07,3.5535608875610613e-06,2.1142462138251785e-06,1.0346312790523173e-06,4.948238116659124e-07,8.096848881751297e-07,9.891843330730792e-06,1.0796221322536921e-06,1.3495276653169905e-07
180,0.0,6.081847953215704e-07,0.0,1.2163648454601834e-06,1.169590643274725e-06,0.0,1.40349829684055e-07,4.912132389274688e-07,2.7107494179351567e-05,0.0,0.0,0.0,0.0,0.0,0.0,0.0,0.0,0.0,0.0,0.0,0.0,7.017420594006371e-07,0.0,6.783528563707448e-07,0.0,0.0,0.0,1.403498916756238e-07,9.259552572244523e-06,0.0,0.0
207,0.0,0.0,0.0,0.0,0.0,0.0,0.0,0.0,0.0,0.0,0.0,0.0,0.0,0.0,0.0,0.0,0.0,0.0,0.0,0.0,0.0,0.0,0.0,0.0,0.0,0.0,0.0,0.0,0.0,0.0,0.0
564,0.0,0.0,0.0,0.0,0.0,0.0,0.0,4.385955088650615e-08,1.9005656325470418e-07,0.0,0.0,0.0,0.0,0.0,0.0,0.0,0.0,0.0,0.0,0.0,0.0,1.4619883040934064e-08,0.0,0.0,0.0,0.0,0.0,2.923976608186812e-08,6.286324574808049e-07,0.0,0.0
342,0.0,0.0,0.0,0.0,0.0,0.0,0.0,1.0632642211588408e-08,1.1695820949705063e-07,0.0,0.0,0.0,0.0,0.0,0.0,0.0,0.0,0.0,0.0,0.0,0.0,0.0,0.0,0.0,0.0,0.0,0.0,2.1265284423176813e-08,3.2960514448996564e-07,0.0,0.0
17,0.0,4.873284600389327e-08,0.0,9.746542745807893e-08,4.873294346978021e-08,0.0,1.4619773925422395e-07,5.116804572161132e-07,1.9247624054733077e-06,0.0,0.0,0.0,0.0,0.0,0.0,0.0,0.0,0.0,0.0,0.0,0.0,1.4619768608166189e-07,0.0,1.2183159377130554e-07,0.0,0.0,0.0,1.4619780382877478e-07,3.2157316333802317e-06,0.0,0.0
435,0.0,0.0,0.0,0.0,0.0,0.0,0.0,0.0,0.0,0.0,0.0,0.0,0.0,0.0,0.0,0.0,0.0,0.0,0.0,0.0,0.0,0.0,0.0,0.0,0.0,0.0,0.0,0.0,4.5687134502918946e-09,0.0,0.0
66,0.0,0.0,0.0,0.0,0.0,0.0,0.0,0.0,0.0,0.0,0.0,0.0,0.0,0.0,0.0,0.0,0.0,0.0,0.0,0.0,0.0,0.0,0.0,0.0,0.0,0.0,0.0,0.0,0.0,0.0,0.0
326,0.0,0.0,0.0,0.0,0.0,0.0,5.847953216373625e-07,1.2145658011991649e-06,7.797056371228791e-07,0.0,0.0,0.0,0.0,0.0,0.0,0.0,0.0,0.0,0.0,0.0,0.0,1.499475183685545e-08,0.0,0.0,0.0,0.0,0.0,6.14781826360706e-07,3.5684054710094424e-06,0.0,0.0
274,0.0,0.0,0.0,0.0,0.0,0.0,0.0,0.0,0.0,0.0,0.0,0.0,0.0,0.0,0.0,0.0,0.0,0.0,0.0,0.0,0.0,0.0,0.0,0.0,0.0,0.0,0.0,0.0,0.0,0.0,0.0
90,0.0,0.0,0.0,0.0,0.0,0.0,0.0,0.0,0.0,0.0,0.0,0.0,0.0,0.0,0.0,0.0,0.0,0.0,0.0,0.0,0.0,0.0,0.0,0.0,0.0,0.0,0.0,0.0,0.0,0.0,0.0
41,0.0,0.0,0.0,0.0,0.0,0.0,0.0,0.0,0.0,0.0,0.0,0.0,0.0,0.0,0.0,0.0,0.0,0.0,0.0,0.0,0.0,0.0,0.0,0.0,0.0,0.0,0.0,0.0,0.0,0.0,0.0
187,0.0,0.0,0.0,0.0,0.0,0.0,0.0,7.045726766715211e-09,3.522855872250076e-08,0.0,0.0,0.0,0.0,0.0,0.0,0.0,0.0,0.0,0.0,0.0,0.0,0.0,0.0,0.0,0.0,0.0,0.0,0.0,1.1273075173254029e-07,0.0,0.0
520,0.0,0.0,0.0,0.0,0.0,0.0,0.0,1.2442453651858775e-08,7.216476248753529e-07,0.0,0.0,0.0,0.0,0.0,0.0,0.0,0.0,0.0,0.0,0.0,0.0,5.847953216373625e-07,0.0,0.0,0.0,0.0,0.0,2.4884907303717548e-08,9.829053518216251e-07,0.0,0.0
49,0.0,0.0,0.0,0.0,0.0,0.0,0.0,0.0,0.0,0.0,0.0,0.0,0.0,0.0,0.0,0.0,0.0,0.0,0.0,0.0,0.0,0.0,0.0,0.0,0.0,0.0,0.0,0.0,0.0,0.0,0.0
160,0.0,0.0,0.0,0.0,0.0,0.0,0.0,6.2881217380361565e-09,2.5152447557581308e-08,0.0,0.0,0.0,0.0,0.0,0.0,0.0,0.0,0.0,0.0,0.0,0.0,0.0,0.0,0.0,0.0,0.0,0.0,0.0,6.91690139001104e-08,0.0,0.0
124,0.0,0.0,0.0,0.0,0.0,0.0,0.0,1.082954299328449e-08,1.1912410226551455e-07,0.0,0.0,0.0,0.0,0.0,0.0,0.0,0.0,0.0,0.0,0.0,0.0,0.0,0.0,0.0,0.0,0.0,0.0,2.1659085986568976e-08,3.3570894346200206e-07,0.0,0.0
221,0.0,0.0,0.0,0.0,0.0,0.0,0.0,1.1033873993157783e-08,1.2137172683656197e-07,0.0,0.0,0.0,0.0,0.0,0.0,0.0,0.0,0.0,0.0,0.0,0.0,0.0,0.0,0.0,0.0,0.0,0.0,2.2067747986315563e-08,3.420430744707191e-07,0.0,0.0
257,0.0,0.0,0.0,0.0,0.0,0.0,0.0,9.137426900583787e-09,8.223639499536684e-08,0.0,0.0,0.0,0.0,0.0,0.0,0.0,0.0,0.0,0.0,0.0,0.0,0.0,0.0,0.0,0.0,0.0,0.0,1.8274853801167575e-08,2.3756934230517178e-07,0.0,0.0
539,0.0,0.0,0.0,0.0,0.0,0.0,0.0,0.0,0.0,0.0,0.0,0.0,0.0,0.0,0.0,0.0,0.0,0.0,0.0,0.0,0.0,0.0,0.0,0.0,0.0,0.0,0.0,0.0,5.896681286549058e-07,0.0,0.0
273,0.0,0.0,0.0,0.0,0.0,0.0,0.0,7.1316502638702745e-09,3.5658175292287367e-08,0.0,0.0,0.0,0.0,0.0,0.0,0.0,0.0,0.0,0.0,0.0,0.0,0.0,0.0,0.0,0.0,0.0,0.0,0.0,6.98889428083234e-07,0.0,0.0
486,0.0,0.0,0.0,0.0,0.0,0.0,0.0,0.0,0.0,0.0,0.0,0.0,0.0,0.0,0.0,0.0,0.0,0.0,0.0,0.0,0.0,0.0,0.0,0.0,0.0,0.0,0.0,0.0,9.82848870542261e-09,0.0,0.0
29,0.0,0.0,0.0,0.0,0.0,0.0,0.0,0.0,0.0,0.0,0.0,0.0,0.0,0.0,0.0,0.0,0.0,0.0,0.0,0.0,0.0,0.0,0.0,0.0,0.0,0.0,0.0,0.0,0.0,0.0,0.0
492,0.0,0.0,0.0,0.0,0.0,0.0,0.0,8.01089481695017e-09,4.0054388684487166e-08,0.0,0.0,0.0,0.0,0.0,0.0,0.0,0.0,0.0,0.0,0.0,0.0,0.0,0.0,0.0,0.0,0.0,0.0,1.602178963390034e-08,1.441947856595303e-07,0.0,0.0
0,0.0,0.0,0.0,0.0,0.0,0.0,0.0,6.356470887362636e-09,2.5425843726685452e-08,0.0,0.0,0.0,0.0,0.0,0.0,0.0,0.0,0.0,0.0,0.0,0.0,0.0,0.0,0.0,0.0,0.0,0.0,0.0,6.992085100772029e-08,0.0,0.0
111,0.0,0.0,0.0,0.0,0.0,0.0,0.0,0.0,0.0,0.0,0.0,0.0,0.0,0.0,0.0,0.0,0.0,0.0,0.0,0.0,0.0,0.0,0.0,0.0,0.0,0.0,0.0,0.0,4.6046875719477364e-09,0.0,0.0
285,0.0,0.0,0.0,0.0,0.0,0.0,0.0,0.0,5.847953216373625e-07,0.0,0.0,0.0,0.0,0.0,0.0,0.0,0.0,0.0,0.0,0.0,0.0,0.0,0.0,0.0,0.0,0.0,0.0,0.0,1.1859834804217908e-06,0.0,0.0
424,0.0,0.0,0.0,0.0,0.0,0.0,0.0,0.0,0.0,0.0,0.0,0.0,0.0,0.0,0.0,0.0,0.0,0.0,0.0,0.0,0.0,0.0,0.0,0.0,0.0,0.0,0.0,0.0,0.0,0.0,0.0
477,0.003540313492600905,0.002547879832128025,0.0025654862640278656,0.002588257171347702,0.0029092938906844137,0.003051160712247607,0.0029691396382343347,0.0030095527607557873,0.003264778199086826,0.0020023116682379005,0.0026444259307800647,0.0032324220040938797,0.0018589812719444867,0.003395017683593606,0.003490956447612854,0.002334765844441712,0.0027055648664451124,0.0030881728543856683,0.0025645932350553888,0.0025352466307196923,0.0030992570672660723,0.002732327925615687,0.002601057387251649,0.002643524980132223,0.003129320032101201,0.003368489523864094,0.0025415933183399395,0.002661348716233183,0.0023679180349143966,0.003035833404133384,0.0030765369823833565
195,0.0,0.0,0.0,0.0,0.0,0.0,0.0,9.282465422815277e-09,8.35417345984679e-08,0.0,0.0,0.0,0.0,0.0,0.0,0.0,0.0,0.0,0.0,0.0,0.0,0.0,0.0,0.0,0.0,0.0,0.0,1.8564930845630554e-08,2.4134028424652374e-07,0.0,0.0
277,0.0,0.0,0.0,0.0,0.0,0.0,0.0,0.0,0.0,0.0,0.0,0.0,0.0,0.0,0.0,0.0,0.0,0.0,0.0,0.0,0.0,0.0,0.0,0.0,0.0,0.0,0.0,0.0,0.0,0.0,0.0
378,0.0,1.8274853801167578e-08,0.0,3.6549655388467156e-08,0.0,0.0,6.396142408878417e-07,1.3888419943743187e-06,2.1014969509609066e-06,0.0,0.0,0.0,0.0,0.0,0.0,0.0,0.0,0.0,0.0,0.0,0.0,7.309915825775258e-08,0.0,5.482445697576672e-08,0.0,0.0,0.0,9.1373803649759e-08,1.2060553994353322e-06,0.0,0.0
547,0.0,0.0,0.0,5.847953216373625e-07,0.0,0.0,1.5389350569404276e-08,6.617340396777791e-07,8.002221546639098e-07,0.0,0.0,0.0,0.0,0.0,0.0,0.0,0.0,0.0,0.0,0.0,0.0,6.001831332717099e-07,0.0,5.847953216373625e-07,0.0,0.0,0.0,4.6167972788466314e-08,1.3233781015464836e-06,0.0,0.0
159,0.0,6.356419018661898e-07,0.0,6.864882060707536e-07,5.085176709890109e-08,5.847953216373625e-07,4.246014626248357e-06,6.966088651451472e-06,9.608175926691084e-06,5.847953216373625e-07,0.0,0.0,0.0,0.0,0.0,0.0,0.0,0.0,5.847953216373625e-07,0.0,0.0,7.373341734422881e-07,0.0,1.2966938371382567e-06,5.847953216373625e-07,0.0,5.847953216373625e-07,3.076454561153971e-06,2.3811637898349705e-05,0.0,0.0
9,0.0,0.0,0.0,0.0,0.0,0.0,0.0,0.0,0.0,0.0,0.0,0.0,0.0,0.0,0.0,0.0,0.0,0.0,0.0,0.0,0.0,0.0,0.0,0.0,0.0,0.0,0.0,0.0,0.0,0.0,0.0
147,0.0,7.974447911655735e-08,0.0,1.329070641057174e-07,5.3163211057942045e-08,2.6581605528971023e-08,3.455548275295306e-07,8.505678268646081e-07,3.0297338001831346e-06,2.6581605528971023e-08,0.0,0.0,0.0,0.0,0.0,0.0,0.0,0.0,2.6581605528971023e-08,0.0,0.0,1.8606929691756934e-07,0.0,1.860692485482791e-07,2.6581605528971023e-08,5.847953216373625e-07,2.6581605528971023e-08,2.923930737710167e-07,6.190947826363825e-06,0.0,0.0
92,0.0002540342592592592,0.0003452473146031731,7.221862573099404e-05,0.0003746590890960696,0.00039578816653125417,0.0005848246258280376,0.0005194634635055781,0.0006941067910205468,0.0006034907477279462,0.00014174416159376226,0.00016388479532163756,0.0002476704775828461,0.00011013278752436668,0.0002634574512670568,0.00029772362573099383,0.00014814321637426892,0.00019637743664717333,0.00024521600389863573,0.0001296210114212801,8.960876041169584e-05,0.00020432872807017567,0.00028976539480325794,0.00011451291423001928,0.00031241835710331715,0.00039745723752748535,0.0005115493160885643,0.00035605902228979836,0.0005113268984700312,0.00017532624849629226,0.00024030304093567277,0.00029838435672514645
246,0.0,0.0,0.0,0.0,0.0,0.0,0.0,6.4263222157951925e-09,6.104979997153051e-07,0.0,0.0,0.0,0.0,0.0,0.0,0.0,0.0,0.0,0.0,0.0,0.0,0.0,0.0,0.0,0.0,0.0,0.0,0.0,1.2402657174401285e-06,0.0,0.0
286,0.0,0.0,0.0,0.0,0.0,0.0,0.0,6.497725795970695e-09,3.2488559710750715e-08,0.0,0.0,0.0,0.0,0.0,0.0,0.0,0.0,0.0,0.0,0.0,0.0,0.0,0.0,0.0,0.0,0.0,0.0,0.0,8.446994220158434e-08,0.0,0.0
480,0.0,0.0,0.0,0.0,0.0,0.0,0.0,7.219695328856327e-09,3.6098399678611895e-08,0.0,0.0,0.0,0.0,0.0,0.0,0.0,0.0,0.0,0.0,0.0,0.0,0.0,0.0,0.0,0.0,0.0,0.0,0.0,7.07516829801017e-07,0.0,0.0
233,0.0,0.0,0.0,0.0,0.0,0.0,0.0,0.0,0.0,0.0,0.0,0.0,0.0,0.0,0.0,0.0,0.0,0.0,0.0,0.0,0.0,0.0,0.0,0.0,0.0,0.0,0.0,0.0,9.911780982587207e-09,0.0,0.0
189,0.0,1.886436521410847e-08,0.0,3.7728676530030605e-08,0.0,0.0,7.545711913864318e-08,8.488654767797407e-07,2.754020659218065e-06,0.0,0.0,0.0,0.0,0.0,0.0,0.0,0.0,0.0,0.0,0.0,0.0,6.602449715387063e-07,0.0,6.413826501845306e-07,0.0,0.0,0.0,9.432134570297702e-08,9.43035197066682e-06,0.0,0.0
399,0.0,0.0,0.0,0.0,0.0,0.0,0.0,8.122157244963368e-09,6.25401960205837e-07,0.0,0.0,0.0,0.0,0.0,0.0,0.0,0.0,0.0,0.0,0.0,0.0,0.0,0.0,0.0,0.0,0.0,0.0,1.6244314489926736e-08,1.3157588947924344e-06,0.0,0.0
179,0.0,1.9493177387912084e-08,0.0,3.898629908103163e-08,0.0,0.0,1.247547405246701e-06,2.0466903279793962e-06,2.845784627583211e-06,0.0,0.0,0.0,0.0,0.0,0.0,0.0,0.0,0.0,0.0,0.0,0.0,9.746536133886276e-08,0.0,7.797240951877044e-08,0.0,0.0,0.0,6.822509656580494e-07,1.1498175126533081e-05,0.0,0.0
69,0.0,0.0,0.0,0.0,0.0,0.0,0.0,8.236553825878345e-09,4.9419177951196646e-08,0.0,0.0,0.0,0.0,0.0,0.0,0.0,0.0,0.0,0.0,0.0,0.0,0.0,0.0,0.0,0.0,0.0,0.0,1.647310765175669e-08,7.495081551422433e-07,0.0,0.0
40,0.0,0.0,0.0,0.0,0.0,0.0,0.0,0.0,0.0,0.0,0.0,0.0,0.0,0.0,0.0,0.0,0.0,0.0,0.0,0.0,0.0,0.0,0.0,0.0,0.0,0.0,0.0,0.0,0.0,0.0,0.0
432,0.0,0.0,0.0,0.0,0.0,0.0,0.0,1.1246063877641587e-08,1.2370579850649586e-07,0.0,0.0,0.0,0.0,0.0,0.0,0.0,0.0,0.0,0.0,0.0,0.0,0.0,0.0,0.0,0.0,0.0,0.0,2.2492127755283167e-08,3.486208259028483e-07,0.0,0.0
358,0.0,6.683288027188008e-07,0.0,7.240173699604459e-07,5.5694792536891665e-08,2.7847396268445832e-08,9.46768939972082e-07,1.4757772712469945e-06,3.7585287870171507e-06,2.7847396268445832e-08,0.0,0.0,0.0,0.0,0.0,0.0,0.0,0.0,2.7847396268445832e-08,0.0,0.0,1.3644813969547293e-06,0.0,1.364481346292274e-06,2.7847396268445832e-08,2.7847396268445832e-08,2.7847396268445832e-08,8.910812434564134e-07,1.3497531042929153e-05,0.0,0.0
258,0.0,1.3759797105988807e-07,0.0,2.0639628284505606e-07,6.879944960439559e-08,3.4399724802197794e-08,6.430804353271535e-06,1.5822480736595107e-06,3.3706563754569277e-06,3.4399724802197794e-08,0.0,0.0,0.0,0.0,0.0,0.0,0.0,0.0,3.4399724802197794e-08,1.0319917440659337e-07,0.0,3.095927170301955e-07,0.0,3.095926544352397e-07,3.4399724802197794e-08,3.4399724802197794e-08,3.4399724802197794e-08,4.1278895958496346e-07,7.0147398290220986e-06,0.0,0.0
38,0.0,0.0,0.0,0.0,0.0,0.0,0.0,5.975069921179103e-07,1.525539816820905e-07,0.0,0.0,0.0,0.0,0.0,0.0,0.0,0.0,0.0,0.0,0.0,0.0,1.2712941774725272e-08,0.0,0.0,0.0,0.0,0.0,2.5425883549450538e-08,4.512790942132291e-06,0.0,0.0
135,0.0,0.0,0.0,0.0,0.0,0.0,0.0,0.0,0.0,0.0,0.0,0.0,0.0,0.0,0.0,0.0,0.0,0.0,0.0,0.0,0.0,0.0,0.0,0.0,0.0,0.0,0.0,0.0,4.641232711407639e-09,0.0,0.0
304,0.0,0.0,0.0,0.0,0.0,0.0,0.0,9.432182607054233e-09,6.696760146498707e-07,0.0,0.0,0.0,0.0,0.0,0.0,0.0,0.0,0.0,0.0,0.0,0.0,0.0,0.0,0.0,0.0,0.0,0.0,1.8864365214108465e-08,8.300036678267213e-07,0.0,0.0
34,0.0,0.0,0.0,1.5805278963171958e-08,0.0,0.0,1.5805278963171958e-08,9.483111645675989e-08,2.3707600366606106e-07,0.0,0.0,0.0,0.0,0.0,0.0,0.0,0.0,0.0,0.0,0.0,0.0,3.161051633350455e-08,0.0,1.5805278963171958e-08,0.0,0.0,0.0,4.741575583680325e-08,7.744236212911511e-07,0.0,0.0
67,0.0,0.0,0.0,0.0,0.0,0.0,0.0,7.309941520467032e-09,3.6549629674594546e-08,0.0,0.0,0.0,0.0,0.0,0.0,0.0,0.0,0.0,0.0,0.0,0.0,0.0,0.0,0.0,0.0,0.0,0.0,0.0,1.315777419143214e-07,0.0,0.0
335,0.0,1.1695827540090489e-07,0.0,1.7543684041829765e-07,5.847953216373625e-08,2.9239766081868124e-08,4.0934826631525524e-07,9.648599202776535e-07,2.7773824743002732e-06,2.9239766081868124e-08,0.0,0.0,0.0,0.0,0.0,0.0,0.0,0.0,2.9239766081868124e-08,0.0,0.0,2.6315380947566625e-07,0.0,2.631537562699537e-07,2.9239766081868124e-08,2.9239766081868124e-08,2.9239766081868124e-08,3.5087061564721896e-07,5.407576820917684e-06,0.0,0.0
308,0.00641096432899301,0.005763881579449548,0.00509154536637612,0.005785979770016094,0.006085875516998421,0.006297798024178526,0.006062640099642571,0.0060692717220114075,0.006404921557284655,0.004966397850466579,0.0055893061693354255,0.006188444766702685,0.004820173746568746,0.0063689864650656085,0.0064141855919438,0.005533644692121109,0.005374902187791522,0.006028554476394845,0.00522699806762175,0.005594718877418203,0.005987385854997621,0.005890619066683605,0.005333783596610658,0.005883187040300839,0.0062603719234938255,0.006502168024752007,0.005975303140770277,0.005891635331070421,0.0054557718054611725,0.005917566728287445,0.006175690836381203
370,0.0,1.461978442511311e-07,0.0,2.1929605052287207e-07,7.309941520467031e-08,3.6549707602335156e-08,3.3257119675434602e-06,1.6811385782632304e-06,3.581322398922986e-06,3.6549707602335156e-08,0.0,0.0,0.0,0.0,0.0,0.0,0.0,0.0,3.6549707602335156e-08,1.0964912280700545e-07,0.0,3.289422618445827e-07,0.0,3.2894219533744215e-07,3.6549707602335156e-08,3.6549707602335156e-08,3.6549707602335156e-08,4.3858826955902367e-07,6.869008805455231e-06,0.0,0.0
403,0.0,0.0,0.0,0.0,0.0,0.0,0.0,6.570733950981601e-09,3.285359970750072e-08,0.0,0.0,0.0,0.0,0.0,0.0,0.0,0.0,0.0,0.0,0.0,0.0,0.0,0.0,0.0,0.0,0.0,0.0,0.0,8.541904267575944e-08,0.0,0.0
120,0.0,0.0,0.0,0.0,0.0,0.0,0.0,9.586808551432172e-09,9.586747725283029e-08,0.0,0.0,0.0,0.0,0.0,0.0,0.0,0.0,0.0,0.0,0.0,0.0,0.0,0.0,0.0,0.0,0.0,0.0,1.9173617102864343e-08,2.588394869816625e-07,0.0,0.0
501,0.0,0.0,0.0,0.0,0.0,0.0,0.0,7.402472425789399e-09,3.7012283214779294e-08,0.0,0.0,0.0,0.0,0.0,0.0,0.0,0.0,0.0,0.0,0.0,0.0,0.0,0.0,0.0,0.0,0.0,0.0,0.0,1.3324328295121156e-07,0.0,0.0
545,0.0,0.0,0.0,0.0,0.0,0.0,0.0,0.0,0.0,0.0,0.0,0.0,0.0,0.0,0.0,0.0,0.0,0.0,0.0,0.0,0.0,0.0,0.0,0.0,0.0,0.0,0.0,0.0,4.6783625730989e-09,0.0,0.0
62,0.0,0.0,0.0,1.6244314489926736e-08,0.0,0.0,1.6244314489926736e-08,9.746531413611434e-08,2.4366144821234053e-07,0.0,0.0,0.0,0.0,0.0,0.0,0.0,0.0,0.0,0.0,0.0,0.0,3.248858623165745e-08,0.0,1.6244314489926736e-08,0.0,0.0,0.0,4.873286016560334e-08,7.959353885492386e-07,0.0,0.0
344,0.0,2.016535591852974e-08,0.0,4.033065422175685e-08,0.0,0.0,1.2099123248625432e-07,9.477266341189679e-07,1.1896713958391423e-06,0.0,0.0,0.0,0.0,0.0,0.0,0.0,0.0,0.0,0.0,0.0,0.0,1.0082623586778908e-07,0.0,8.066111329527977e-08,0.0,0.0,0.0,1.2099128592726187e-07,2.5403940176857097e-06,0.0,0.0
457,0.0,0.0,0.0,0.0,0.0,0.0,0.0,0.0,0.0,0.0,0.0,0.0,0.0,0.0,0.0,0.0,0.0,0.0,0.0,0.0,0.0,0.0,0.0,0.0,0.0,0.0,0.0,0.0,4.716091303527117e-09,0.0,0.0
31,0.0,0.0,0.0,0.0,0.0,0.0,0.0,7.497375918427724e-09,3.748679966625082e-08,0.0,0.0,0.0,0.0,0.0,0.0,0.0,0.0,0.0,0.0,0.0,0.0,0.0,0.0,0.0,0.0,0.0,0.0,0.0,1.3495153016853477e-07,0.0,0.0
555,0.0,0.0,0.0,0.0,0.0,0.0,0.0,0.0,0.0,0.0,0.0,0.0,0.0,0.0,0.0,0.0,0.0,0.0,0.0,0.0,0.0,0.0,0.0,0.0,0.0,0.0,0.0,0.0,4.754433509246849e-09,0.0,0.0
443,0.0038938558000086686,0.0030946398191513845,0.002524523859893884,0.003113249167741464,0.0034285056335255026,0.0034828759120602657,0.0033776476952961996,0.003299499717277517,0.0036270637350542525,0.0014441647892367996,0.0030728367124515958,0.0036126823139162653,0.0014920883914771883,0.003719746602612921,0.003830618141847964,0.0025091340177570832,0.002908610369090872,0.00331934446909942,0.002659144547649945,0.0030998493189216166,0.0032418962195732088,0.0031413250490546613,0.0025882128999992616,0.0031656838828006796,0.003563517038668089,0.0038313040793309027,0.0034306424675485656,0.003282374070863266,0.0030026081812633814,0.0033073143544956845,0.0035859934259124737
400,0.0,0.0,0.0,0.0,0.0,0.0,0.0,7.594744436848864e-09,3.7973641220357965e-08,0.0,0.0,0.0,0.0,0.0,0.0,0.0,0.0,0.0,0.0,0.0,0.0,0.0,0.0,0.0,0.0,0.0,0.0,0.0,1.3670414744345082e-07,0.0,0.0
5,0.0,0.0,0.0,0.0,0.0,0.0,0.0,0.0,0.0,0.0,0.0,0.0,0.0,0.0,0.0,0.0,0.0,0.0,0.0,0.0,0.0,0.0,0.0,0.0,0.0,0.0,0.0,0.0,0.0,0.0,0.0
59,0.0,0.0,0.0,0.0,0.0,0.0,0.0,8.35421888053375e-09,6.349154753283841e-07,0.0,0.0,0.0,0.0,0.0,0.0,0.0,0.0,0.0,0.0,0.0,0.0,0.0,0.0,0.0,0.0,0.0,0.0,1.6708437761067497e-08,1.3449921217562655e-06,0.0,0.0
496,0.0,0.0,0.0,0.0,0.0,0.0,0.0,0.0,0.0,0.0,0.0,0.0,0.0,0.0,0.0,0.0,0.0,0.0,0.0,0.0,0.0,0.0,0.0,0.0,0.0,0.0,0.0,0.0,0.0,0.0,0.0
289,0.0,0.0,0.0,0.0,0.0,0.0,0.0,6.645401382242756e-09,3.322693606781323e-08,0.0,0.0,0.0,0.0,0.0,0.0,0.0,0.0,0.0,0.0,0.0,0.0,0.0,0.0,0.0,0.0,0.0,0.0,0.0,6.711763962812577e-07,0.0,0.0
346,0.0,0.0,0.0,0.0,0.0,0.0,0.0,0.0,5.905847953215724e-07,0.0,0.0,0.0,0.0,0.0,0.0,0.0,0.0,0.0,0.0,0.0,0.0,0.0,0.0,0.0,0.0,0.0,0.0,0.0,6.13742642612573e-07,0.0,0.0
531,0.0,0.0,0.0,0.0,0.0,0.0,0.0,0.0,0.0,0.0,0.0,0.0,0.0,0.0,0.0,0.0,0.0,0.0,0.0,0.0,0.0,0.0,0.0,0.0,0.0,0.0,0.0,0.0,9.996497059361457e-09,0.0,0.0
305,0.00021089030829080275,0.00046142669621851017,6.351635351701248e-05,0.0004791944262326918,0.00047524452997433074,0.0005318618015162313,0.00042170304180910755,0.0007913763490343579,0.00095532851111929,8.60588504283659e-05,0.00016961688918128636,0.00030651269700283527,0.00012871325149105078,0.00029099120453070156,0.00032748861167286895,0.00016477062653322716,9.995441117313493e-05,0.0001966687267908916,0.00016156954803039553,0.00012974610625017077,0.00018494932869595057,0.0006737664116744131,5.058957259436484e-05,0.0006091689839623474,0.0006553950281232723,0.0005191919906836838,0.0002905116944318349,0.0006152393587830245,0.0007118217237232364,0.00011854430311111094,0.0002845461570202021
425,0.0,0.0,0.0,0.0,0.0,0.0,0.0,0.0,0.0,0.0,0.0,0.0,0.0,0.0,0.0,0.0,0.0,0.0,0.0,0.0,0.0,0.0,0.0,0.0,0.0,0.0,0.0,0.0,5.847953216373625e-07,0.0,0.0
347,0.0,0.0,0.0,0.0,0.0,0.0,0.0,0.0,5.5169369965788915e-09,0.0,0.0,0.0,0.0,0.0,0.0,0.0,0.0,0.0,0.0,0.0,0.0,0.0,0.0,0.0,0.0,0.0,0.0,0.0,2.758463977054553e-08,0.0,0.0
462,0.0,0.0,0.0,0.0,0.0,0.0,0.0,0.0,0.0,0.0,0.0,0.0,0.0,0.0,0.0,0.0,0.0,0.0,0.0,0.0,0.0,0.0,0.0,0.0,0.0,0.0,0.0,0.0,4.793404275716086e-09,0.0,0.0
165,0.0,0.0,0.0,0.0,0.0,0.0,0.0,6.721785306176581e-09,3.360885487319039e-08,0.0,0.0,0.0,0.0,0.0,0.0,0.0,0.0,0.0,0.0,0.0,0.0,0.0,0.0,0.0,0.0,0.0,0.0,0.0,6.788902960357592e-07,0.0,0.0
550,0.00305181404592574,0.0021944473587689048,0.0013093922654231302,0.002204192846598113,0.0024995471425775903,0.0027887424919022996,0.002501637484921944,0.002343731865756145,0.002447794305826592,0.001774801226599731,0.0022794167852170297,0.002647634841448229,0.0016833624065568703,0.002824946785938047,0.002957996089516099,0.0017504699085361013,0.0020714952331483696,0.0024196452411776735,0.0014273754771496558,0.0016231441171387303,0.0024658670357443064,0.002239633045602049,0.0017583667259306992,0.002267763494082387,0.0026393189830314005,0.0028600412645461855,0.00239869816684906,0.0022147174757667335,0.0015572806317867686,0.002495551082703067,0.0025572584649639625
295,0.0,0.0,0.0,0.0,0.0,0.0,0.0,1.1466574934065933e-08,1.261314023987801e-07,0.0,0.0,0.0,0.0,0.0,0.0,0.0,0.0,0.0,0.0,0.0,0.0,0.0,0.0,0.0,0.0,0.0,0.0,2.293314986813186e-08,9.40216304356057e-07,0.0,0.0
119,0.0,0.0,0.0,0.0,0.0,0.0,0.0,0.0,1.169590064269456e-08,0.0,0.0,0.0,0.0,0.0,0.0,0.0,0.0,0.0,0.0,0.0,0.0,0.0,0.0,0.0,0.0,0.0,0.0,0.0,3.5087642422935893e-08,0.0,0.0
172,0.0,0.0,0.0,0.0,0.0,0.0,0.0,0.0,5.569479253689167e-09,0.0,0.0,0.0,0.0,0.0,0.0,0.0,0.0,0.0,0.0,0.0,0.0,0.0,0.0,0.0,0.0,0.0,0.0,0.0,2.7847350625503107e-08,0.0,0.0
3,0.0,0.0,0.0,0.0,0.0,0.0,0.0,0.0,0.0,0.0,0.0,0.0,0.0,0.0,0.0,0.0,0.0,0.0,0.0,0.0,0.0,0.0,0.0,0.0,0.0,0.0,0.0,0.0,0.0,0.0,0.0
68,0.0,0.0,0.0,0.0,0.0,0.0,0.0,0.0,0.0,0.0,0.0,0.0,0.0,0.0,0.0,0.0,0.0,0.0,0.0,0.0,0.0,0.0,0.0,0.0,0.0,0.0,0.0,0.0,0.0,0.0,0.0
448,0.0,0.0,0.0,0.0,0.0,0.0,0.0,0.0,0.0,0.0,0.0,0.0,0.0,0.0,0.0,0.0,0.0,0.0,0.0,0.0,0.0,0.0,0.0,0.0,0.0,0.0,0.0,0.0,0.0,0.0,0.0
442,0.0,2.0885547201334375e-08,0.0,4.1771034729676746e-08,0.0,0.0,1.2531234793219196e-07,1.5663262693094114e-06,2.401616569458167e-06,0.0,0.0,0.0,0.0,0.0,0.0,0.0,0.0,0.0,0.0,0.0,0.0,1.0442717286306726e-07,0.0,8.354186734153977e-08,0.0,0.0,0.0,1.2531240328180695e-07,1.139997334323628e-05,0.0,0.0
408,0.0,0.0,0.0,0.0,0.0,0.0,0.0,2.599087493290106e-08,1.5594407016391474e-07,0.0,0.0,0.0,0.0,0.0,0.0,0.0,0.0,0.0,0.0,0.0,0.0,1.299545159194139e-08,0.0,0.0,0.0,0.0,0.0,2.5990903183882773e-08,5.198015959755709e-07,0.0,0.0
4,0.0,0.0,0.0,0.0,0.0,0.0,0.0,0.0,0.0,0.0,0.0,0.0,0.0,0.0,0.0,0.0,0.0,0.0,0.0,0.0,0.0,0.0,0.0,0.0,0.0,0.0,0.0,0.0,1.0082673758149057e-08,0.0,0.0
307,0.00511381998831302,0.004195407348415165,0.004023188460805307,0.004217785909131298,0.0046285881402298515,0.004921022801856242,0.0045944687422154774,0.004550844798947092,0.00489140134468183,0.0034058645329198244,0.003973480722630774,0.0048801658609860035,0.00379511530006341,0.005003918413117037,0.005095792067393048,0.004244475822454706,0.004093240195452512,0.004587996362766283,0.003997697369339179,0.004143739564403505,0.004698106691738618,0.004370092975963063,0.004180043865032433,0.004369993224204621,0.004843228149419009,0.005096182745329151,0.004568791220172853,0.0044363952185685045,0.004081659145876991,0.00439386389068216,0.004769749470237217
386,2.9239766081868124e-06,2.2962353728028854e-05,3.508771929824824e-06,2.4209564919631237e-05,1.9960748538011447e-05,7.641274853800977e-06,1.4067356521209164e-05,1.407015048745138e-05,4.005370268824001e-05,9.395649122807281e-06,1.7543859649120874e-06,1.1111111111111186e-05,2.33918128654945e-06,1.1111111111111186e-05,8.187134502923725e-06,2.33918128654945e-06,5.8479532163742745e-06,2.33918128654945e-06,4.132526315789668e-06,7.1343625730992785e-06,2.9239766081868124e-06,4.3038368861754e-05,5.8479532163742745e-06,4.1284088087921336e-05,2.6939391812865776e-05,1.290439766081859e-05,5.886900584795323e-06,3.976318720861932e-06,2.5432884174129057e-05,1.4035087719297999e-05,1.7543859649120874e-06
404,0.0,0.0,0.0,0.0,0.0,0.0,0.0,6.113742401156205e-07,7.442676263887358e-07,0.0,0.0,0.0,0.0,0.0,0.0,0.0,0.0,0.0,0.0,0.0,0.0,1.3290802764485513e-08,0.0,0.0,0.0,0.0,0.0,2.658160552897102e-08,2.2858417489428832e-06,0.0,0.0
434,0.0,0.0,0.0,0.0,0.0,0.0,0.0,6.799945600434448e-09,3.399965551125074e-08,0.0,0.0,0.0,0.0,0.0,0.0,0.0,0.0,0.0,0.0,0.0,0.0,0.0,0.0,0.0,0.0,0.0,0.0,0.0,1.019984580465985e-07,0.0,0.0
19,0.0,0.0,0.0,0.0,0.0,0.0,0.0,9.74658869395604e-09,9.746526854037747e-08,0.0,0.0,0.0,0.0,0.0,0.0,0.0,0.0,0.0,0.0,0.0,0.0,0.0,0.0,0.0,0.0,0.0,0.0,1.949317738791208e-08,2.631534784313569e-07,0.0,0.0
517,0.0,0.0,0.0,0.0,0.0,0.0,0.0,8.475294516483514e-09,5.932683976312614e-08,0.0,0.0,0.0,0.0,0.0,0.0,0.0,0.0,0.0,0.0,0.0,0.0,0.0,0.0,0.0,0.0,0.0,0.0,1.6950589032967027e-08,1.9492920524044228e-07,0.0,0.0
535,0.0,0.0,0.0,0.0,0.0,0.0,0.0,1.1695906432747251e-08,1.286540304467557e-07,0.0,0.0,0.0,0.0,0.0,0.0,0.0,0.0,0.0,0.0,0.0,0.0,0.0,0.0,0.0,0.0,0.0,0.0,2.3391812865494495e-08,3.742608544586527e-07,0.0,0.0
445,0.0,0.0,0.0,0.0,0.0,0.0,0.0,0.0,0.0,0.0,0.0,0.0,0.0,0.0,0.0,0.0,0.0,0.0,0.0,0.0,0.0,0.0,0.0,0.0,0.0,0.0,0.0,0.0,4.83301918708564e-09,0.0,0.0
554,0.0,0.0,0.0,0.0,0.0,0.0,0.0,0.0,1.181404105322683e-08,0.0,0.0,0.0,0.0,0.0,0.0,0.0,0.0,0.0,0.0,0.0,0.0,0.0,0.0,0.0,0.0,0.0,0.0,0.0,6.202338404845278e-07,0.0,0.0
236,0.0,2.1659085986568982e-08,0.0,4.331811009003514e-08,0.0,0.0,1.2995354600375463e-07,4.548270730809896e-07,7.363735938274622e-07,0.0,0.0,0.0,0.0,0.0,0.0,0.0,0.0,0.0,0.0,0.0,0.0,1.0829484593206975e-07,0.0,8.66360105764116e-08,0.0,0.0,0.0,1.2995360340335536e-07,6.560582998939518e-06,0.0,0.0
117,0.0,0.0,0.0,0.0,0.0,0.0,0.0,1.19345984007625e-08,1.3127962290485277e-07,0.0,0.0,0.0,0.0,0.0,0.0,0.0,0.0,0.0,0.0,0.0,0.0,0.0,0.0,0.0,0.0,0.0,0.0,2.3869196801524997e-08,3.818988310802579e-07,0.0,0.0
157,0.0,0.0,0.0,0.0,0.0,0.0,0.0,7.694675284702138e-09,3.847329439431005e-08,0.0,0.0,0.0,0.0,0.0,0.0,0.0,0.0,0.0,0.0,0.0,0.0,0.0,0.0,0.0,0.0,0.0,0.0,0.0,1.3850288622560147e-07,0.0,0.0
162,4.442671911545274e-05,7.962425370363421e-05,1.3209362624428532e-05,8.426972530888533e-05,8.52595592820098e-05,0.00010703431221195448,9.47051989006232e-05,0.0001455028483736219,0.00015819021168038164,2.2320172755802532e-05,3.200650550505048e-05,5.4092693588286376e-05,2.3078328516108443e-05,5.397572376691034e-05,6.049690653322695e-05,3.0139559552135377e-05,2.833526479266347e-05,4.215416844375334e-05,2.833054438761928e-05,2.1851844027675206e-05,3.731393650241447e-05,9.771483089469427e-05,1.595655162413609e-05,9.31682581853335e-05,0.00010396241234950013,9.954453290145363e-05,6.195623059883354e-05,0.00010888535800443438,9.783708584391457e-05,3.4869751948537996e-05,5.572666514380651e-05
78,0.0,1.2311397410621567e-07,0.0,1.8467035833505016e-07,6.15574022776171e-08,3.077870113880855e-08,4.194830140849351e-05,8.616660868003512e-06,4.677069396025754e-06,3.077870113880855e-08,0.0,0.0,0.0,0.0,0.0,0.0,0.0,0.0,3.077870113880855e-08,1.7543859649120874e-06,0.0,2.770040099743855e-07,0.0,2.770039539683723e-07,3.077870113880855e-08,3.077870113880855e-08,3.077870113880855e-08,3.693374901549673e-07,6.860638333331042e-06,0.0,0.0
409,0.0,0.0,0.0,0.0,0.0,0.0,0.0,0.0,0.0,0.0,0.0,0.0,0.0,0.0,0.0,0.0,0.0,0.0,0.0,0.0,0.0,0.0,0.0,0.0,0.0,0.0,0.0,0.0,1.0170349182132962e-08,0.0,0.0
484,0.0,0.0,0.0,0.0,0.0,0.0,0.0,0.0,0.0,0.0,0.0,0.0,0.0,0.0,0.0,0.0,0.0,0.0,0.0,0.0,0.0,0.0,0.0,0.0,0.0,0.0,0.0,0.0,0.0,0.0,0.0
334,0.0,0.0,0.0,0.0,0.0,0.0,0.0,0.0,0.0,0.0,0.0,0.0,0.0,0.0,0.0,0.0,0.0,0.0,0.0,0.0,0.0,0.0,0.0,0.0,0.0,0.0,0.0,0.0,5.950538584525352e-07,0.0,0.0
42,2.0885547201334375e-07,1.7961124906318388e-06,2.506265664160589e-07,1.9631704243409134e-06,1.5037404622667516e-06,5.84791701475894e-07,4.552237278799394e-06,2.7982252325844483e-06,6.681055988963566e-06,7.101041492620585e-07,1.2531328320800625e-07,7.936507936507991e-07,1.67084377610675e-07,7.936507936507991e-07,5.847953216374089e-07,1.67084377610675e-07,4.177109440267339e-07,1.67084377610675e-07,3.341668059036576e-07,6.26556390977421e-07,2.0885547201334375e-07,3.4250409503785546e-06,4.177109440267339e-07,3.2997351098781285e-06,1.96322862712338e-06,9.607290448342947e-07,4.5947925368977585e-07,7.518502533054776e-07,9.727458273591672e-06,1.0025062656641428e-06,1.2531328320800625e-07
173,0.0,5.847953216373625e-07,0.0,6.015020885546539e-07,0.0,0.0,6.015020885546539e-07,1.8546059272980144e-06,1.4201637225095001e-06,0.0,0.0,0.0,0.0,0.0,0.0,0.0,0.0,0.0,0.0,0.0,0.0,1.2030007914609765e-06,0.0,1.1862957393482403e-06,0.0,0.0,0.0,6.349155367135089e-07,1.0174091663610302e-05,0.0,0.0
223,0.0,0.0,0.0,0.0,0.0,0.0,0.0,0.0,1.1934592492545471e-08,0.0,0.0,0.0,0.0,0.0,0.0,0.0,0.0,0.0,0.0,0.0,0.0,0.0,0.0,0.0,0.0,0.0,0.0,0.0,4.1770979793108633e-08,0.0,0.0
201,0.0,0.0,0.0,0.0,0.0,0.0,0.0,0.0,1.2057629528551094e-08,0.0,0.0,0.0,0.0,0.0,0.0,0.0,0.0,0.0,0.0,0.0,0.0,0.0,0.0,0.0,0.0,0.0,0.0,0.0,4.2201608450769544e-08,0.0,0.0
133,0.0,0.0,0.0,0.0,0.0,0.0,0.0,0.0,0.0,0.0,0.0,0.0,0.0,0.0,0.0,0.0,0.0,0.0,0.0,0.0,0.0,0.0,0.0,0.0,0.0,0.0,0.0,0.0,0.0,0.0,0.0
232,0.0018109747225213673,0.0021371190775768293,6.309326160106826e-05,0.002140444719082677,0.002398322280886805,0.0025159515768226302,0.0022989490319000653,0.002308241809306375,0.0025138421007069494,0.0014345855391637912,0.0021832410486957755,0.0025153090576838935,0.001378747577450897,0.0026581973336836807,0.002763353323812659,0.0017528256458513923,0.0018729778993699894,0.0023574221695847673,0.001806084854421297,0.0019886048610354193,0.0023425732190563535,0.0021977067845924845,7.661476132174934e-05,0.002214599388464459,0.002528870789371746,0.002713066170922206,0.00227935096347958,0.0022256450169484384,0.0019521534774003591,0.0020342074766625784,0.002456179675499338
413,0.0,0.0,0.0,0.0,0.0,0.0,0.0,0.0,0.0,0.0,0.0,0.0,0.0,0.0,0.0,0.0,0.0,0.0,0.0,0.0,0.0,0.0,0.0,0.0,0.0,0.0,0.0,0.0,0.0,0.0,0.0
514,0.0,0.0,0.0,0.0,0.0,0.0,0.0,0.0,0.0,0.0,0.0,0.0,0.0,0.0,0.0,0.0,0.0,0.0,0.0,0.0,0.0,0.0,0.0,0.0,0.0,0.0,0.0,0.0,0.0,0.0,0.0
244,0.0,2.2492127755283173e-08,0.0,4.498419124734418e-08,0.0,0.0,1.3495175931159134e-07,4.7232042204564304e-07,7.646956551285185e-07,0.0,0.0,0.0,0.0,0.0,0.0,0.0,0.0,0.0,0.0,0.0,0.0,1.1246003231407243e-07,0.0,8.996816482935051e-08,0.0,0.0,0.0,1.3495181891886902e-07,2.7210739835288885e-06,0.0,0.0
415,0.0,0.0,0.0,0.0,0.0,0.0,0.0,0.0,5.623031938820793e-09,0.0,0.0,0.0,0.0,0.0,0.0,0.0,0.0,0.0,0.0,0.0,0.0,0.0,0.0,0.0,0.0,0.0,0.0,0.0,2.8115113612286792e-08,0.0,0.0
562,0.0,0.0,0.0,0.0,0.0,0.0,0.0,7.797270955164833e-09,3.898627165290085e-08,0.0,0.0,0.0,0.0,0.0,0.0,0.0,0.0,0.0,0.0,0.0,0.0,0.0,0.0,0.0,0.0,0.0,0.0,1.169590643274725e-06,1.4034959137527616e-07,0.0,0.0
291,0.0,0.0,0.0,0.0,0.0,0.0,0.0,0.0,0.0,0.0,0.0,0.0,0.0,0.0,0.0,0.0,0.0,0.0,0.0,0.0,0.0,0.0,0.0,0.0,0.0,0.0,0.0,0.0,0.0,0.0,0.0
16,0.0,0.0,0.0,0.0,0.0,0.0,0.0,4.0799582220005724e-08,1.7679680302763182e-07,0.0,0.0,0.0,0.0,0.0,0.0,0.0,0.0,0.0,0.0,0.0,0.0,1.3599891200868896e-08,0.0,0.0,0.0,0.0,0.0,2.7199782401737786e-08,5.847743790519115e-07,0.0,0.0
546,0.0,0.0,0.0,0.0,0.0,0.0,0.0,9.911785112497669e-09,6.839026321595897e-07,0.0,0.0,0.0,0.0,0.0,0.0,0.0,0.0,0.0,0.0,0.0,0.0,0.0,0.0,0.0,0.0,0.0,0.0,1.9823570224995335e-08,2.6066879479460443e-06,0.0,0.0
293,0.0,0.0,0.0,0.0,0.0,0.0,0.0,0.0,5.677624481916141e-09,0.0,0.0,0.0,0.0,0.0,0.0,0.0,0.0,0.0,0.0,0.0,0.0,0.0,0.0,0.0,0.0,0.0,0.0,0.0,2.8388075880367247e-08,0.0,0.0
350,0.0043805019944025475,0.003656573270732265,0.0031263052469829716,0.003669794067843988,0.003979410091590158,0.004195759716826971,0.0039045661009224474,0.0038291427989946467,0.004100702028964894,0.003001659879402892,0.0034650065997643316,0.0040659644868674474,0.003007227560745798,0.004236621053996612,0.004342196000934473,0.003651317634581275,0.003456100094303998,0.003880312839172869,0.0033174854631142702,0.0035963521292671644,0.0039824563693317,0.0038130509050716653,0.003597723280307572,0.003799637895922747,0.0041607231373727935,0.004331105675309185,0.003874911474610357,0.0037279589352421714,0.0033842386272496415,0.003747891937104858,0.004070228401746942
392,0.0,1.2995363933433874e-07,0.0,1.9492982268699738e-07,6.497725795970694e-08,3.248862897985347e-08,2.7613541012715454e-06,1.494345402900649e-06,3.1833976879315428e-06,3.248862897985347e-08,0.0,0.0,0.0,0.0,0.0,0.0,0.0,0.0,3.248862897985347e-08,9.746588693956041e-08,0.0,2.9239312163962913e-07,0.0,2.923930625221708e-07,3.248862897985347e-08,3.248862897985347e-08,3.248862897985347e-08,3.8985623960802104e-07,6.07333270135572e-06,0.0,0.0
102,0.0,0.0,0.0,0.0,0.0,0.0,0.0,0.0,0.0,0.0,0.0,0.0,0.0,0.0,0.0,0.0,0.0,0.0,0.0,0.0,0.0,0.0,0.0,0.0,0.0,0.0,0.0,0.0,0.0,0.0,0.0
551,0.0,0.0,0.0,0.0,0.0,0.0,0.0,8.599931200549449e-09,6.019929328905445e-08,0.0,0.0,0.0,0.0,0.0,0.0,0.0,0.0,0.0,0.0,0.0,0.0,0.0,0.0,0.0,0.0,0.0,0.0,1.7199862401098897e-08,7.82571353256103e-07,0.0,0.0
225,0.0,0.0,0.0,0.0,0.0,0.0,0.0,0.0,0.0,0.0,0.0,0.0,0.0,0.0,0.0,0.0,0.0,0.0,0.0,0.0,0.0,0.0,0.0,0.0,0.0,0.0,0.0,0.0,0.0,0.0,0.0
146,0.0,0.0,0.0,0.0,0.0,0.0,0.0,0.0,0.0,0.0,0.0,0.0,0.0,0.0,0.0,0.0,0.0,0.0,0.0,0.0,0.0,0.0,0.0,0.0,0.0,0.0,0.0,0.0,0.0,0.0,0.0
447,0.0,0.0,0.0,0.0,0.0,0.0,0.0,0.0,0.0,0.0,0.0,0.0,0.0,0.0,0.0,0.0,0.0,0.0,0.0,0.0,0.0,0.0,0.0,0.0,0.0,0.0,0.0,0.0,0.0,0.0,0.0
306,0.0,0.0,0.0,0.0,0.0,0.0,0.0,5.847953216373625e-07,5.96977333150519e-07,0.0,0.0,0.0,0.0,0.0,0.0,0.0,0.0,0.0,0.0,0.0,0.0,0.0,0.0,0.0,0.0,0.0,0.0,0.0,1.7970143810883242e-06,0.0,0.0
128,0.0,0.0,0.0,0.0,0.0,0.0,0.0,0.0,0.0,0.0,0.0,0.0,0.0,0.0,0.0,0.0,0.0,0.0,0.0,0.0,0.0,0.0,0.0,0.0,0.0,0.0,0.0,0.0,0.0,0.0,0.0
247,0.0,0.0,0.0,0.0,0.0,0.0,0.0,0.0,0.0,0.0,0.0,0.0,0.0,0.0,0.0,0.0,0.0,0.0,0.0,0.0,0.0,0.0,0.0,0.0,0.0,0.0,0.0,0.0,0.0,0.0,0.0
483,0.0,0.0,0.0,0.0,0.0,0.0,0.0,6.1557402277617106e-09,1.8467201764040368e-08,0.0,0.0,0.0,0.0,0.0,0.0,0.0,0.0,0.0,0.0,0.0,0.0,0.0,0.0,0.0,0.0,0.0,0.0,0.0,6.15571493923597e-08,0.0,0.0
110,0.0,0.0,0.0,0.0,0.0,0.0,0.0,6.8799449604395595e-09,3.4399651458441927e-08,0.0,0.0,0.0,0.0,0.0,0.0,0.0,0.0,0.0,0.0,0.0,0.0,0.0,0.0,0.0,0.0,0.0,0.0,0.0,6.879834416993422e-07,0.0,0.0
439,0.0,1.7199862401098897e-08,0.0,3.4399675659733795e-08,0.0,0.0,6.191915573295303e-07,1.9091367962838917e-06,1.4619248898555296e-06,0.0,0.0,0.0,0.0,0.0,0.0,0.0,0.0,0.0,0.0,0.0,0.0,6.879920777200243e-08,0.0,5.159948891836868e-08,0.0,0.0,0.0,6.535876556887983e-07,1.7025979199552179e-06,0.0,0.0
284,0.009607035294950165,0.008651189983514579,0.007781249907660991,0.008680516574122006,0.009117224974706194,0.009408120109067167,0.009032271330098277,0.00902726060675449,0.009469439228924499,0.0075124714526145315,0.008440979354488471,0.009263454662122684,0.007493550748833349,0.009508797928785787,0.009616450310947725,0.008360274733080039,0.00823099566896839,0.008989021566633313,0.008064878518704417,0.008420734489992853,0.008960880485093664,0.008832578866845943,0.008075158320850618,0.00882333444646578,0.009367286854210592,0.009674930545984194,0.00892827683187366,0.008822209758664785,0.008324440778775949,0.0088689359299758,0.009222182433941779
410,0.0,0.0,0.0,0.0,0.0,0.0,0.0,0.0,0.0,0.0,0.0,0.0,0.0,0.0,0.0,0.0,0.0,0.0,0.0,0.0,0.0,0.0,0.0,0.0,0.0,0.0,0.0,0.0,0.0,0.0,0.0
329,0.0,0.0,0.0,0.0,0.0,0.0,0.0,0.0,0.0,0.0,0.0,0.0,0.0,0.0,0.0,0.0,0.0,0.0,0.0,0.0,0.0,0.0,0.0,0.0,0.0,0.0,0.0,0.0,0.0,0.0,0.0
142,0.0,0.0,0.0,0.0,0.0,0.0,0.0,0.0,0.0,0.0,0.0,0.0,0.0,0.0,0.0,0.0,0.0,0.0,0.0,0.0,0.0,0.0,0.0,0.0,0.0,0.0,0.0,0.0,1.55255261205874e-08,0.0,0.0
407,0.0032690446421991966,0.002529864368089716,0.0012927436211709184,0.002537432888545723,0.0028156238213614035,0.0029917628321042312,0.0022018780598039305,0.0022421313931577968,0.0028439921799526227,0.0017276179867168305,0.002230581080779886,0.0023562105713424465,0.0014143378038191956,0.0028904294671298634,0.002906474804842606,0.0024162741593478252,0.001264098901779452,0.002276697695319817,0.0018676441512563127,0.0020483894380885384,0.001758055961606989,0.0026129531193828438,0.0014013030406964768,0.002637292009493723,0.002953891836739958,0.003108642182239341,0.0023691297864550324,0.0022532373129942425,0.002260896291263476,0.0026555999231182587,0.0025982034741390526
6,0.0,0.0,0.0,0.0,0.0,0.0,0.0,1.008267795926487e-08,1.1090864693685837e-07,0.0,0.0,0.0,0.0,0.0,0.0,0.0,0.0,0.0,0.0,0.0,0.0,0.0,0.0,0.0,0.0,0.0,0.0,2.0165355918529737e-08,3.1255660253358814e-07,0.0,0.0
487,0.0,1.7721070352647347e-08,0.0,3.544209007366512e-08,0.0,0.0,5.316305618487108e-08,2.126499007433911e-07,3.366934793638761e-07,0.0,0.0,0.0,0.0,0.0,0.0,0.0,0.0,0.0,0.0,0.0,0.0,7.08840322499419e-08,0.0,5.316310979468288e-08,0.0,0.0,0.0,8.860490050885721e-08,1.16950826611911e-06,0.0,0.0
11,0.0,0.0,0.0,0.0,0.0,0.0,0.0,1.2183235867445051e-08,1.3401461504870387e-07,0.0,0.0,0.0,0.0,0.0,0.0,0.0,0.0,0.0,0.0,0.0,0.0,0.0,0.0,0.0,0.0,0.0,0.0,2.43664717348901e-08,3.898550567277633e-07,0.0,0.0
268,0.0,0.0,0.0,0.0,0.0,0.0,0.0,8.728288382647201e-09,6.458870020621586e-07,0.0,0.0,0.0,0.0,0.0,0.0,0.0,0.0,0.0,0.0,0.0,0.0,0.0,0.0,0.0,0.0,0.0,0.0,1.7456576765294403e-08,7.942503546907416e-07,0.0,0.0
419,0.0,0.0,0.0,0.0,0.0,0.0,0.0,0.0,0.0,0.0,0.0,0.0,0.0,0.0,0.0,0.0,0.0,0.0,0.0,0.0,0.0,0.0,0.0,0.0,0.0,0.0,0.0,0.0,0.0,0.0,0.0
