node,checking account status,Duration in month,Credit history,Purpose,Credit amount,Savings account/bonds,employment, Installment,status n sex, Other debtors / guarantors,residence,Property,Age in years,Other installment plans,Housing,existing credits no.,Job,liability responsibles,Telephone,foreign worker
507,0.0,0.0,0.0,0.0,0.0,0.0,0.0,0.0,0.0,0.0,0.0,0.0,0.0,0.0,0.0,0.0,0.0,0.0,0.0,0.0
818,0.002130842418827638,0.00048570680349678856,0.0007038509582945909,0.00047153174214526714,0.0008858721184077461,0.0008738576249152915,0.0008984263263327249,0.0004607949521858415,0.0005048015931631955,0.0004003068834370934,0.0004752905563021633,0.0008485110162039527,0.0003016131610921899,0.0006757012627951365,0.0003701446550676216,0.00028801194144646356,0.00035810552740889206,0.0006263945013574094,0.0007277303288890247,0.00037246079459669966
452,0.0,0.0,0.0,0.0,0.0,0.0,0.0,0.0,0.0,0.0,0.0,0.0,0.0,0.0,0.0,0.0,0.0,0.0,0.0,0.0
368,4.05851362119341e-07,0.0,0.0,0.0,0.0,1.5544029050972262e-08,0.0,0.0,0.0,1.5544019636172373e-08,0.0,0.0,0.0,6.9084602763377525e-09,0.0,0.0,0.0,0.0,0.0,8.635578583764162e-09
242,0.002179951820054388,0.0005666902234127484,0.0015436307177619077,0.0004942737825391357,0.0004550426873310719,0.0009009573594796457,0.0005098112053640582,0.00048162302974296583,0.00036618814354146944,0.00035204915220693434,0.0004892102599604012,0.0014662666338562918,0.00034332887038029323,0.0007021811445009468,0.0004413064022798394,0.00029767207905008724,0.00030940701805091036,0.0006854390552989772,0.0007521303933425305,0.00038554994339702863
929,0.0,0.0,0.0,0.0,0.0,0.0,0.0,0.0,0.0,0.0,0.0,0.0,0.0,0.0,0.0,0.0,0.0,0.0,0.0,0.0
262,0.0,0.0,0.0,0.0,0.0,0.0,0.0,0.0,0.0,0.0,0.0,0.0,0.0,0.0,0.0,0.0,0.0,0.0,0.0,0.0
810,1.2032016041439989e-06,0.0,0.0,0.0,0.0,8.286185519464244e-08,0.0,0.0,0.0,1.694912875582637e-08,0.0,3.3521638418075404e-07,0.0,9.416188938017364e-09,0.0,0.0,0.0,9.416189715875488e-09,0.0,9.416195856872787e-09
318,0.0004370993299158735,5.07417354908472e-06,5.135137820968965e-05,9.251646866366053e-06,3.460929321808555e-06,7.019469980918847e-06,1.18054916223818e-06,1.75671470713124e-06,1.2615956617429196e-06,3.170447617882978e-06,1.0007395536972723e-05,4.324744190158757e-06,4.1120640354994643e-07,2.015161472936554e-06,1.23668223882265e-06,1.277171294097385e-06,4.080915350504181e-07,2.4511018588664333e-06,9.051091070392986e-06,3.3731275703976386e-06
49,0.00020812093430057214,1.3617456381458953e-06,3.9791372386959436e-07,7.364196467920613e-07,3.385007732363968e-07,2.8207726144326087e-06,9.560613171642117e-08,4.0050969327687445e-07,3.5917049671120873e-07,1.123993195568242e-06,1.7622249582167544e-06,3.752124878052158e-05,1.8087834411615366e-08,6.459563079812654e-07,3.3850077519376114e-07,1.7829457364341126e-07,5.167956698770082e-09,3.5916597314545187e-07,1.4392326518529877e-06,1.2919896640825449e-08
446,0.0004141073846513286,1.374542368346367e-05,3.4603802576068626e-05,8.994849245367675e-06,8.191475034801146e-06,6.141031295335893e-05,1.9087764768191258e-05,2.215832955497966e-05,5.831685923999857e-06,6.294072059611871e-06,1.1649787819607499e-05,5.310054089506133e-05,5.744595429954241e-06,2.5163350269299476e-05,7.536774517017408e-06,3.854532657885587e-06,5.642322368245096e-06,3.313401193837323e-05,2.161166976849703e-05,1.2819624288315628e-05
142,8.056724109045383e-06,4.66200314836627e-09,1.0955577957910296e-07,1.398599669093575e-08,0.0,8.833672652133195e-07,3.496489383055437e-08,9.324004534277477e-09,4.66200304325253e-09,1.118875678669855e-07,3.03029260465339e-08,2.237702942319314e-07,0.0,2.820447340509433e-07,0.0,0.0,2.331002331002074e-09,7.925357014198045e-08,2.7971938592509877e-08,1.1655011655010372e-08
968,0.00026249008227485434,1.0109181659103625e-07,1.0763604826538567e-06,1.0983300119198603e-06,3.469931475995615e-07,0.00015303492062294683,8.360281353527197e-07,2.838657032424624e-06,6.070909869544336e-06,1.3934331963817556e-07,1.1447626089541199e-06,3.204223291676481e-06,2.4590109044108968e-08,6.775521936980621e-07,3.69668815541916e-06,5.409617942759209e-07,5.464478804437219e-09,3.797738568505188e-07,2.1774848971187215e-06,9.535482411202166e-07
345,0.0005472410878813237,5.005732380940794e-06,7.560830229286149e-05,4.322557732610546e-06,3.5730857473758923e-06,8.458673531419923e-06,2.186232093366309e-06,3.102380591422648e-06,1.739816686331113e-06,3.3890260762188752e-06,1.277594336973479e-05,7.083629545133588e-06,1.4666110842153787e-06,4.2080961246710546e-06,2.056452857261269e-06,1.0065903535256778e-06,5.139787578523849e-06,6.914502895416372e-06,1.3921667059946731e-05,7.957671846147534e-06
971,0.0002598713798258029,4.3525042675432153e-07,1.0852551342786964e-06,1.1074043963241272e-06,3.4986057279199793e-07,6.185303256902985e-06,5.096203740545224e-07,1.9861100740896e-05,4.545317585895809e-07,1.404949173211357e-07,1.154220618707603e-06,2.8974424038622136e-06,3.5812418708578387e-07,6.831512386441669e-07,3.9393296330072527e-07,5.454321058304374e-07,1.338840769263564e-06,7.504100191079684e-05,3.862038715693358e-06,9.614288050964171e-07
133,0.0,0.0,0.0,0.0,0.0,0.0,0.0,0.0,0.0,0.0,0.0,0.0,0.0,0.0,0.0,0.0,0.0,0.0,0.0,0.0
104,0.0012595765150999819,0.00019752153042700414,0.00011364138153425977,9.622937978152142e-05,0.00012602495770635928,0.0009365459867184939,0.00010224295076664352,0.0001797689204985314,0.00025547859556532,4.3986849290838254e-05,0.00010084805642540742,9.787423833946949e-05,6.706033593978325e-05,0.00014430571494246456,0.0003179403683523077,6.650782891439535e-05,5.597728668538801e-05,6.730848321998619e-05,0.00035447874896066126,4.024650081762771e-05
6,0.0010430017901210673,2.3767297370832394e-05,3.816156069026638e-05,3.290463713389452e-05,3.336857945730139e-05,0.00011267929553152651,0.0001468182762842492,4.0174379487031777e-05,2.328139802963121e-05,1.2849452425370468e-05,5.309069646278311e-05,0.000104176245934013,4.5439303478314584e-05,3.8316342339137036e-05,2.5222336799206847e-05,1.5462506733435054e-05,1.343934546366805e-05,2.2526971898801582e-05,9.906263287027143e-05,1.535384302366709e-05
600,0.0003235204107716725,0.000255864585317478,0.00011111698127924884,0.00010901389071478419,0.00012429922501919273,0.00010947434002245583,9.918740163080997e-05,0.00046961911183767763,7.578045698716672e-05,0.000856280385378675,0.00042178037139246503,0.0008087336198218937,7.309485163394632e-05,0.00014056417526460294,0.00010269033969822053,6.388246277458498e-05,5.352568394591824e-05,6.605694502889053e-05,0.00013503344991712548,3.8888290989058205e-05
496,0.0001618081189971994,3.4327021433378086e-06,1.8773313615725516e-05,3.700002938955589e-06,2.157296288965015e-06,4.608519101331813e-05,5.921241934717553e-06,6.7666174164727894e-06,2.2669468016475157e-06,4.362761093455374e-06,9.195699316283588e-06,2.967656039775499e-05,2.394052166112797e-06,1.726276901467027e-05,2.2318106918174735e-06,1.3375038502695717e-06,1.9557384573198763e-06,1.6520872574045656e-05,8.214859266622312e-06,1.0238592449764134e-05
702,2.5995119188308306e-06,0.0,6.024092862439235e-09,0.0,0.0,1.6465596992604967e-07,3.333333333332966e-07,0.0,0.0,1.8072263793863064e-08,2.008032128513835e-09,1.2048177461290075e-08,0.0,1.0040153265235382e-08,0.0,0.0,2.0080321285138347e-09,3.614449453336583e-08,3.333333333332966e-07,1.0040160642569177e-08
472,2.760926999449264e-06,0.0,6.211176491707534e-09,0.0,0.0,2.79494905023608e-07,4.140785479301961e-09,6.211180124222918e-09,0.0,1.8633514222243903e-08,4.140785494698083e-09,1.863350200133558e-08,0.0,1.6563120338798474e-08,0.0,0.0,2.0703933747409727e-09,7.039292254846712e-08,2.070393374740973e-09,1.0351966873704865e-08
598,0.00054442213270697,3.3899248544065746e-06,7.369485984811116e-05,5.032698515069199e-06,2.275918531166169e-06,8.544106134087265e-06,3.874535417626167e-06,1.1130179454160728e-05,1.7573835626912805e-06,3.423255239588686e-06,1.2238123405878409e-05,1.347616976484287e-05,8.147823742906863e-07,7.1538421034309e-05,2.0772147222191745e-06,1.6833525341520427e-06,8.585429048764415e-07,6.651630949931377e-06,1.3395369007954236e-05,8.038044331793626e-06
502,0.00030217722521950515,8.472693013385416e-05,4.2886654367794795e-05,4.7366886672461345e-05,5.4151957699748414e-05,6.970609593857458e-05,0.00014874278359779458,7.737814066227347e-05,5.592685494424955e-05,1.3076103486807378e-05,4.857690972588586e-05,0.0005525800684091637,3.606813720242485e-05,4.368807838131383e-05,2.6580821024976015e-05,1.868162281465142e-05,1.4640950739864573e-05,2.4369312894686916e-05,9.212298526070077e-05,1.668872764576442e-05
433,0.00016175397831733979,4.694834156453356e-09,8.776707114842627e-06,6.807483393940472e-07,0.0,8.895881614472161e-07,3.521112547724842e-08,9.389666538039996e-09,3.380276979004909e-07,1.1267550848576709e-07,1.0305071720359952e-06,1.4557710486299735e-05,0.0,2.840309645724288e-07,0.0,0.0,2.3474178403753283e-09,7.981169387537468e-08,1.361490989839112e-06,1.1737089201876643e-08
119,4.6984530445715655e-05,4.7886883549241116e-06,4.983118001171632e-05,3.0060028201908075e-06,1.4936431725459046e-06,1.3738186679708184e-05,2.8580882964268746e-06,2.773050461182401e-06,4.273247718645827e-06,3.2003545100822344e-06,3.436414644405389e-06,4.365539583703472e-06,4.150853213132445e-07,2.034166726941221e-06,1.2483455523523763e-06,6.226076592396717e-07,1.4119174855207508e-06,2.474223148948325e-06,8.469759575060903e-06,3.404949528608938e-06
108,1.87321993626487e-05,3.723917391825251e-07,4.0102242483732556e-07,4.0884599331482985e-07,7.812493989679432e-09,0.00011774473295891613,9.635305462045571e-08,9.4034485197949e-06,3.619762356148145e-07,1.3281160153013608e-07,1.7759854570115797e-06,2.1532395816195558e-06,1.8229145617956113e-08,6.510023369840035e-07,3.411450480462318e-07,1.7968750000000042e-07,5.2083313604792236e-09,3.619719573106507e-07,2.1171153888704576e-06,0.00011467923958333328
647,0.0009889058523348138,3.095990636582545e-05,2.446222976918149e-05,1.7614999131121697e-05,2.0408329602760905e-05,7.997696741005885e-05,1.1073342747230004e-05,4.806825389730708e-05,9.449699644559419e-06,6.995371914886942e-06,4.342455876326816e-05,5.264912075270038e-05,6.334834205199924e-06,2.3664573191808425e-05,1.0062779054348953e-05,6.02749867744757e-06,6.318242856356423e-06,1.8543987083384415e-05,5.759460066367142e-05,1.1301270759802661e-05
589,8.928092021340929e-06,6.713938518930211e-07,8.505475348615156e-06,3.522439341165223e-07,0.0,8.958972973440049e-07,2.3687693605100196e-06,3.4278864762504724e-07,7.092193610177328e-09,1.1347462556722642e-07,3.7115443928243974e-07,6.618927891379031e-07,1.666666666666483e-06,2.8604536857648854e-07,0.0,0.0,2.3640661938531676e-09,8.037773425746954e-08,3.7115443938694217e-07,1.1820330969265837e-08
374,0.002805579360180128,0.001338000600643167,0.001585131927616465,0.0009465673774458446,0.0012520004717259565,0.001505917979386718,0.0009584990395768349,0.0009489767792340795,0.0007671035080054017,0.0007040056966133491,0.0009495719729771765,0.002152464015441798,0.0006974301298728542,0.0024190767393129707,0.0009006821825793247,0.0006610469031869803,0.0007896691600197156,0.0012047440774579153,0.0015630092512560736,0.0007544859085503812
910,0.0,0.0,0.0,0.0,0.0,0.0,0.0,0.0,0.0,0.0,0.0,0.0,0.0,0.0,0.0,0.0,0.0,0.0,0.0,0.0
718,0.0007564447241684105,0.00017689559719279814,0.0007189499118886055,0.0001757299175190683,0.0001896700801637134,0.0010376297289947922,0.00016671004383307555,0.00019927338137106486,0.00014643829304368853,9.769113036853302e-05,0.00032365472388245185,0.0001491883404892861,0.00011147690504714224,0.0002658098809351902,0.00014636781855407945,0.00010805638632161382,9.274315796339623e-05,0.00012094106808587294,0.0005278171503572342,6.542727992426767e-05
744,3.4479504039909477e-06,2.150537634408365e-09,1.720427662390365e-08,6.451612903225096e-09,0.0,2.9031406263742504e-07,8.602143704087848e-09,6.451612903225095e-09,2.150537634408365e-09,1.0322530454825112e-07,8.602143755202205e-09,4.086005191811264e-08,0.0,1.1827869863151852e-07,0.0,0.0,2.150537634408365e-09,7.31178098729239e-08,4.301073899047537e-09,1.0752688172041827e-08
494,4.710333441718284e-05,4.50095244426045e-06,4.863472645741722e-05,2.7013120059102204e-06,1.5078626555485417e-06,7.216531268973253e-06,1.2188986355941518e-06,2.799444619571979e-06,1.3141793250958993e-06,3.230831028888247e-06,9.467670655066991e-06,0.00010994462696147994,7.523628815277508e-07,2.053533931483346e-06,8.926298946685864e-06,9.618404730826577e-07,3.425303702524085e-06,0.00020003608667941138,8.550238423899362e-06,0.0004050228298784632
404,7.246954429132826e-05,5.602083271432268e-06,2.4136498140380955e-05,8.513746301891389e-06,3.389103153946993e-06,0.0005461828394988708,2.551742561260103e-05,4.4087784352846775e-06,2.813670059953354e-06,3.896882856139814e-06,7.144569298925702e-06,7.904556252945233e-06,2.88029646922215e-06,6.441355598076092e-06,3.557353669293556e-06,1.8559041527997021e-06,2.2171428722560792e-06,0.00030600190121884865,2.3464992533600034e-05,8.37295388766367e-06
274,0.00028961906759741933,4.623430020571329e-06,1.9603173847283766e-05,4.389429374616367e-06,3.250885000631443e-06,4.797020366615288e-05,8.010229443366868e-06,8.235032615896085e-06,3.7189971475130235e-06,4.597635342541186e-06,9.641416917999566e-06,3.619917827046992e-05,2.9133801211531945e-06,1.808331870578453e-05,2.2876249852188943e-06,1.6077915972999873e-06,2.1796656557579866e-06,1.7070465914150323e-05,9.56916048606999e-06,1.0600630362325374e-05
78,0.0,0.0,0.0,0.0,0.0,0.0,0.0,0.0,0.0,0.0,0.0,0.0,0.0,0.0,0.0,0.0,0.0,0.0,0.0,0.0
721,4.718389410344351e-08,0.0,0.0,0.0,0.0,0.0,0.0,0.0,0.0,1.5220700152205324e-09,0.0,0.0,0.0,3.333333333332966e-07,0.0,0.0,0.0,0.0,0.0,0.0
644,4.7400333984651956e-08,0.0,0.0,0.0,0.0,0.0,0.0,0.0,0.0,1.5290519877674157e-09,0.0,0.0,0.0,1.5290519877674157e-09,0.0,0.0,0.0,0.0,0.0,0.0
614,0.00012977600034294284,4.47427147796226e-09,3.7359761812821384e-07,1.1185673495818855e-08,0.0,8.455588797585752e-07,1.565993048695738e-08,6.711409395972413e-09,2.237136465324138e-09,1.0738202822133508e-07,1.6778467431372093e-06,7.440478365162058e-06,0.0,2.7068722798177773e-07,0.0,0.0,2.237136465324138e-09,7.606215121008862e-08,8.948538470673525e-09,1.1185682326620692e-08
872,3.1640023952695245e-07,0.0,0.0,0.0,0.0,3.3840947546527577e-09,0.0,0.0,0.0,1.1844322355660865e-08,0.0,0.0,0.0,6.768186971234448e-09,0.0,0.0,0.0,0.0,0.0,8.460236886631895e-09
691,0.0,0.0,0.0,0.0,0.0,0.0,0.0,0.0,0.0,0.0,0.0,0.0,0.0,0.0,0.0,0.0,0.0,0.0,0.0,0.0
90,0.0025345039688549668,0.0012840633268475263,0.0018539102120330832,0.0013069534428234695,0.001286713286034752,0.0014976427823647212,0.0012346597133024435,0.0011341992416753148,0.0009614692455495338,0.0008875796188437623,0.0010339363214357487,0.0019072553123497236,0.001036512234693201,0.002031596193212531,0.0011069224255832756,0.0010973851578862206,0.0009755824686286563,0.001095591485244627,0.0013585922814876928,0.0009188478603057203
101,9.983594468802004e-05,1.4939647580865387e-06,1.335999381843612e-05,1.4939681346765149e-06,6.704394082514481e-07,2.2210032127934467e-05,1.9535490393019674e-06,4.067188601056726e-06,6.819347102962039e-07,3.5738837783530963e-06,2.9567473694802387e-06,1.3781316106568856e-05,8.083648508103766e-07,1.3779557687801497e-05,9.500780899020852e-07,6.934352097607772e-07,1.1225078059587037e-06,1.4172692561172225e-05,3.2093780652795697e-06,8.802705024066405e-06
94,7.291404873874209e-05,1.032686827884718e-05,1.1093795634635341e-05,8.270870383075957e-06,5.424869689187896e-06,0.00011264468277746724,2.4787345193296224e-05,4.122488519527704e-06,2.8435817673034756e-06,3.938330765496927e-06,6.8872684542082755e-06,0.0001862805861636475,8.909876094091684e-06,6.509812132570539e-06,3.261890034155037e-06,1.5423608355611862e-06,1.9074775055559094e-06,1.0847879968991334e-05,1.605106822160284e-05,8.462018957794256e-06
577,0.002163967073157398,0.0006576197417887582,0.0013821270915489814,0.0009566905526065402,0.000710649579945151,0.001552656748629274,0.0007172918233556108,0.0006254900643321756,0.0006096985339373118,0.00044369914630800194,0.0009826598722851494,0.0006700779957102279,0.0005113213847302458,0.0011237425051241865,0.000647433119489612,0.0004963403981321042,0.00045453279051820505,0.0006344077245762513,0.001541777300700825,0.0003959059733926535
537,6.530409075771945e-06,4.504503042002546e-09,4.042741268712777e-06,1.1261252370790603e-08,0.0,8.512721154326196e-07,1.3490927678649408e-06,6.756756756756011e-09,2.252252252252004e-09,1.0810758246607381e-07,2.2522471623873517e-08,4.909723409474634e-07,0.0,2.7251619573841137e-07,0.0,0.0,2.252252252252004e-09,7.657608466421084e-08,1.3423387313010074e-06,1.1261261261260021e-08
41,4.166664970446218e-09,0.0,0.0,0.0,0.0,0.0,0.0,0.0,0.0,0.0,0.0,0.0,0.0,0.0,0.0,0.0,0.0,0.0,0.0,0.0
453,2.028256751374819e-06,0.0,0.0,0.0,0.0,0.0,0.0,0.0,0.0,1.4880952380950741e-09,0.0,0.0,0.0,0.0,0.0,0.0,0.0,0.0,0.0,0.0
995,0.00010436518839965098,3.354976190475821e-07,1.731599270587705e-08,6.493506493505778e-09,0.0,2.9219921888831744e-07,8.658001780088419e-09,6.493506493505778e-09,2.1645021645019258e-09,1.0389559873362939e-07,8.658001831534687e-09,5.041063688864991e-06,0.0,1.1904674212912578e-07,0.0,0.0,2.1645021645019258e-09,7.359260084612471e-08,4.329002950340053e-09,1.0822510822509631e-08
713,0.0,0.0,0.0,0.0,0.0,0.0,0.0,0.0,0.0,0.0,0.0,0.0,0.0,0.0,0.0,0.0,0.0,0.0,0.0,0.0
34,0.0,0.0,0.0,0.0,0.0,0.0,0.0,0.0,0.0,0.0,0.0,0.0,0.0,0.0,0.0,0.0,0.0,0.0,0.0,0.0
639,2.778182793195822e-06,0.0,6.2499963447807064e-09,0.0,0.0,2.8124174818000555e-07,4.166665388547598e-09,6.249999999999311e-09,0.0,1.8749973686132928e-08,4.166665404039946e-09,1.8749961388843924e-08,0.0,1.368326497328421e-05,0.0,0.0,2.083333333333104e-09,7.083287831439504e-08,2.0833333333331042e-09,1.041666666666552e-08
35,6.574833627307808e-06,4.5351459198392974e-09,7.029426114043622e-08,1.1337859529775574e-08,0.0,8.570630822042701e-07,2.4943242650295948e-08,6.802721088434623e-09,2.267573696144875e-09,1.0884300819713556e-07,2.2675685716552928e-08,1.6099472098907774e-07,0.0,2.743700474101012e-07,0.0,0.0,2.2675736961448745e-09,7.709701041022588e-08,1.8140557563693297e-08,1.1337868480724375e-08
148,0.0,0.0,0.0,0.0,0.0,0.0,0.0,0.0,0.0,0.0,0.0,0.0,0.0,0.0,0.0,0.0,0.0,0.0,0.0,0.0
455,0.0,0.0,0.0,0.0,0.0,0.0,0.0,0.0,0.0,0.0,0.0,0.0,0.0,0.0,0.0,0.0,0.0,0.0,0.0,0.0
885,1.828437054659088e-07,0.0,0.0,0.0,0.0,3.2362459546922004e-09,0.0,0.0,0.0,1.6181229773461e-09,0.0,0.0,0.0,1.6181229773461002e-09,0.0,0.0,0.0,0.0,0.0,0.0
677,1.887969699542546e-05,6.041918940344377e-06,4.0418008172580844e-07,7.873947179261402e-08,7.87400969038557e-09,3.7699337820491318e-06,9.711174008990813e-08,1.4435496196079708e-07,3.149597343784793e-08,1.3385736217210566e-07,1.2335761454042252e-07,8.371889843981357e-07,1.837268219762506e-08,3.2282677638149696e-07,1.0498677443210428e-08,1.8110236220472484e-07,5.249341843632604e-09,3.648221302028606e-07,1.3385590020284773e-07,9.16006971784775e-07
486,0.0008415251211913124,2.283499722142886e-05,1.8495069569890943e-05,1.417226343238225e-05,7.676810921371928e-06,2.379263433347559e-05,6.640164621855874e-06,3.640790435463003e-05,6.355358081226282e-06,5.280299512856728e-06,1.4647325870977818e-05,1.6597077383765266e-05,1.3481323603885645e-05,1.858693607029857e-05,7.292632704417336e-06,3.7008670613054272e-06,4.134538218107024e-06,1.699268798550077e-05,3.4549510801909224e-05,9.90239054061209e-06
685,3.360652999978233e-07,0.0,0.0,0.0,0.0,0.0,0.0,0.0,0.0,0.0,0.0,0.0,0.0,0.0,0.0,0.0,0.0,0.0,0.0,0.0
307,1.2986995162450456e-08,0.0,0.0,0.0,0.0,0.0,0.0,0.0,0.0,0.0,0.0,0.0,0.0,0.0,0.0,0.0,0.0,0.0,0.0,0.0
238,0.0003246749781259469,2.8573927463783778e-06,3.173332460068176e-05,1.4757239286915582e-06,1.3760510584459154e-06,6.416672008017447e-06,6.096491715429939e-07,1.207835754301378e-06,4.786155512416918e-07,1.0199042348526088e-06,4.851588148079319e-06,4.553617483338369e-06,3.8176125854806553e-07,1.213535758020059e-06,7.948441926233863e-07,5.612289410416257e-07,3.6466912793642934e-07,1.0341068372888326e-06,5.631987995161466e-06,9.942981659544142e-07
395,1.223946459387861e-06,0.0,1.9157088122603253e-09,0.0,0.0,8.429050787041214e-08,0.0,0.0,0.0,1.7241355113685453e-08,0.0,3.831416542199288e-09,0.0,9.578537023155595e-09,0.0,0.0,0.0,9.578537814425065e-09,0.0,9.578544061301628e-09
734,0.0044753390441197695,0.0030924757290084265,0.003438859232765055,0.0030585198773903782,0.00306413431678327,0.003485761615802857,0.003078601177600217,0.0030262089793170886,0.0029260438536540456,0.002890488273600919,0.0030174380943027127,0.0034885763191577256,0.0028692750070880933,0.0035556391933787633,0.0029675730503108456,0.0028577586717669265,0.002876666108772848,0.0031660776717699125,0.0033542443390805676,0.002927775111004808
822,0.0,0.0,0.0,0.0,0.0,0.0,0.0,0.0,0.0,0.0,0.0,0.0,0.0,0.0,0.0,0.0,0.0,0.0,0.0,0.0
812,0.0002883741888931533,4.686764678387375e-06,1.9871710475328746e-05,4.44955854413166e-06,2.9623761228848367e-06,4.8298760573887715e-05,8.11995861382395e-06,8.01529819748712e-06,3.1038862354645296e-06,4.660616648603393e-06,7.11240872330414e-06,3.0087574148180827e-05,2.9532894378813207e-06,1.833103540038432e-05,2.318962313783537e-06,1.6298161397287544e-06,2.209524089398507e-06,1.73043079129743e-05,9.700231767851105e-06,1.0745844476877776e-05
464,6.708499285619427e-07,0.0,0.0,0.0,0.0,0.0,0.0,0.0,0.0,0.0,0.0,0.0,0.0,0.0,0.0,0.0,0.0,0.0,0.0,0.0
816,0.0031360619111588956,0.0021670373299348955,0.002400224224579387,0.002140849817122366,0.0021498709058711883,0.002434662500063613,0.0021431312840480155,0.002103977822127687,0.0020228190572446573,0.0020213897816713762,0.0021005723688431828,0.002443591254958949,0.0019959825105536596,0.0024946728874165013,0.0020820796564016654,0.0019989783138686414,0.002013518640446911,0.0022057796338943777,0.0023390350638327817,0.0020517205865876226
528,0.0016459420656364957,0.00028845493783616474,0.00042875523330281414,0.00027931585069538087,0.0002517142166812759,0.0006033272372425485,0.0002998568200846713,0.00030605035430701644,0.00025746279743483363,0.00019489523381661662,0.00029685216762810645,0.0004805166298485659,0.00017453270563440722,0.00041434880844857223,0.0002654046243430696,0.00016641364125104895,0.00015302006533492475,0.00038343545126924165,0.0005066544916720997,0.00018807536915524205
17,0.002302421454436629,0.0005640373646793375,0.0016055455802683589,0.0006571165839680316,0.0005421635461180783,0.0010230080272566992,0.0006319158425775511,0.0005361030666664232,0.0004226093217907526,0.00040434322965602926,0.000549724940255365,0.0009929127990097142,0.00039033797057603945,0.0020757613278475865,0.0004502300157116609,0.00040178936826541897,0.00036372945146054313,0.00071974410981917,0.0008410525225669062,0.00044058878970896766
709,3.100388556252663e-05,4.21525286505263e-06,2.019576021149302e-06,1.4884405979943176e-06,1.0545809489663193e-06,6.471988146017598e-06,6.149042422897682e-07,3.884471363908699e-06,4.827411347734726e-07,1.0286965127392692e-06,4.560042997332284e-06,6.822268867591549e-05,3.850519747758432e-07,8.907175915392973e-07,4.6837509950506004e-07,5.660666377497941e-07,1.7011320532272903e-06,0.0001060101663725341,5.347163368372278e-06,1.0028697018678145e-06
370,0.0001026962188062134,4.3572970602377565e-09,1.7429169128791278e-08,6.53594771241758e-09,0.0,4.129049147678674e-05,8.714590027017102e-09,6.5359477124175796e-09,2.1786492374725265e-09,1.0457465493450277e-07,8.71459007879962e-09,4.740636469374621e-06,0.0,1.198248254110155e-07,0.0,0.0,2.1786492374725265e-09,7.407359823727585e-08,4.3572970872703796e-09,1.0893246187362635e-08
241,0.0019086562572957816,0.0007771542392003038,0.0005587593879410703,0.0005594156034604031,0.0006200733129963026,0.0005401220113878608,0.0006172368078159717,0.0005080117313034115,0.00046585002949946214,0.0003432755796360211,0.0008424758835357455,0.0007870887874006972,0.0004692685332053897,0.0009623252564925518,0.0005383988366525064,0.000458380704562796,0.0003868550698721307,0.0012758447756486273,0.0004384931651653729,0.0003082084165403659
964,7.062141621838739e-09,0.0,0.0,0.0,0.0,0.0,0.0,0.0,0.0,0.0,0.0,0.0,0.0,0.0,0.0,0.0,0.0,0.0,0.0,0.0
457,0.0,0.0,0.0,0.0,0.0,0.0,0.0,0.0,0.0,0.0,0.0,0.0,0.0,0.0,0.0,0.0,0.0,0.0,0.0,0.0
65,0.00016822782048313923,9.523801223262854e-09,2.3332684425151164e-07,6.880909010958279e-07,0.0,7.921442592783862e-05,2.0523492025395123e-06,1.1904750257921317e-08,7.142852135964309e-09,1.1428515860699233e-07,3.738052773098577e-07,6.666201219940386e-07,3.4523690476186673e-07,2.880885497806063e-07,0.0,2.3000000000000058e-05,2.3809523809521188e-09,3.5080101866390814e-05,1.373793134617492e-06,1.1904761904760593e-08
191,0.00011089712330921492,1.7799834674545602e-06,2.269585272210898e-05,1.6780723681419562e-06,7.685506379285151e-07,2.2748201660568306e-05,2.054384309592018e-06,4.542809778291748e-06,7.646331022744034e-07,3.677561737212972e-06,3.163449633681321e-06,1.6128341607978625e-05,9.763682492034063e-07,1.4158454938897092e-05,1.0469211884276075e-06,7.450380223602207e-07,1.1842018484024376e-06,1.6196803252205932e-05,3.653161247839483e-06,9.021560771472464e-06
838,1.3043460358808936e-08,0.0,0.0,0.0,0.0,0.0,0.0,0.0,0.0,0.0,0.0,0.0,0.0,0.0,0.0,0.0,0.0,0.0,0.0,0.0
331,0.000675281059867762,5.1060374094439e-06,9.798107860615996e-05,1.7023601285385468e-05,4.149974326051605e-06,2.2725507232552862e-05,3.3965935558056548e-06,4.166785323587532e-06,2.5408572969026858e-06,3.980669938608151e-06,1.8288996307971337e-05,0.00018318913120435944,1.6735907115201238e-06,6.246731746821196e-06,2.963665805342775e-06,2.892050075403669e-06,1.9279818632150947e-06,1.0632152261040179e-05,2.255202740817067e-05,8.552999310008219e-06
638,1.6797605351581198e-06,0.0,0.0,0.0,0.0,0.0,0.0,0.0,0.0,0.0,0.0,0.0,0.0,0.0,0.0,0.0,0.0,0.0,0.0,0.0
255,2.2821598437100195e-06,0.0,6.060602516150989e-09,0.0,0.0,1.7831442585971923e-05,2.0202020202017978e-09,9.999999999998898e-07,0.0,1.8181792665341022e-08,3.353533333332964e-07,1.0121175603595055e-06,0.0,1.0101002678964082e-08,0.0,0.0,2.0202020202017973e-09,3.636355207599229e-08,2.0202020202017978e-09,1.0101010101008989e-08
742,0.001464278072380582,0.00019390509540060543,0.0002083694389611852,0.00017097247753851663,0.0001841591373797526,0.0010400967090280827,0.00032751332232527816,0.00021235598132492362,0.0001418152810471621,9.454498638218476e-05,0.00019806460761458716,0.0003332699020934467,0.00011418329376213173,0.00026066878424608466,0.00014209229918287327,0.0001203207206339404,8.914498392996425e-05,0.00011893154810428382,0.000522960478085893,6.300058833491503e-05
756,0.009372981741944973,0.006477891053440504,0.007205873493390447,0.006409514305318935,0.0064185235444337045,0.007304076225377264,0.006451576527094899,0.006340487002047657,0.006129261783288991,0.006056631692153723,0.006325655373580313,0.007307613481048161,0.0060111674549372,0.007448091865036569,0.00621625409464528,0.005986222998964901,0.006025828909490001,0.006634732054718503,0.00702870949471059,0.006137316501165248
757,0.0025097370261073066,0.0014555903787446013,0.0019252488274930763,0.0014249753220660077,0.0014175102830266077,0.0020742709459922242,0.001405352889098482,0.001280365923875311,0.0011505060947294098,0.0010586257841396348,0.001154030945089928,0.001499308808171092,0.0011590536472974272,0.0021229377216623042,0.0011790412448979145,0.0010894383305633877,0.0011822413224560288,0.001272106533140222,0.0018001689288072607,0.0010918748874873165
951,0.0,0.0,0.0,0.0,0.0,0.0,0.0,0.0,0.0,0.0,0.0,0.0,0.0,0.0,0.0,0.0,0.0,0.0,0.0,0.0
992,0.0,0.0,0.0,0.0,0.0,0.0,0.0,0.0,0.0,0.0,0.0,0.0,0.0,0.0,0.0,0.0,0.0,0.0,0.0,0.0
463,4.828098125167284e-06,4.385963488265636e-09,1.7543834715164904e-08,6.732442982455399e-07,0.0,4.0558967904091274e-05,1.0087692912791751e-06,6.5789473684203265e-09,2.192982456140109e-09,1.0526264608538766e-07,8.771922908265408e-09,1.0526190344079305e-07,0.0,1.2061314663082482e-07,0.0,0.0,2.192982456140109e-09,7.456092454146845e-08,4.385963515476106e-09,1.0964912280700547e-08
843,0.0,0.0,0.0,0.0,0.0,0.0,0.0,0.0,0.0,0.0,0.0,0.0,0.0,0.0,0.0,0.0,0.0,0.0,0.0,0.0
573,1.0534449316728002e-05,9.592317778825896e-09,2.3500545464181027e-07,2.6378814385749215e-08,0.0,1.472184520068991e-06,6.714573309445669e-08,1.1990395943230104e-08,7.194239561402901e-09,1.1510735399265416e-07,4.3165238175070136e-08,3.381159488885937e-07,1.4388480644054598e-08,2.901611292754309e-07,0.0,1.6546762589928098e-07,2.398081534771918e-09,3.333266945018942e-07,5.035939552714694e-08,1.1990407673859592e-08
527,0.004796001219441424,0.0033133668525090285,0.003685102612681448,0.003278134971999084,0.0032830010536963597,0.0037353725662296177,0.0032989781873213543,0.0032430409539140675,0.003135046986057906,0.0030973588594028914,0.003234250431950752,0.0037377603419547056,0.0030742232218801003,0.003809613421477247,0.0031795425539044775,0.00306188429117885,0.0030821422593994797,0.0033927354553672682,0.003594412406779241,0.0031376244490146886
654,0.00016280669088537662,9.661827327947823e-09,9.236069280058703e-06,2.6569965214631456e-08,0.0,1.482852523837607e-06,4.009588664814087e-07,1.2077282870354959e-08,7.246371732137705e-09,1.1594146525347048e-07,3.768070152863699e-07,3.405660644602502e-07,1.4492744996547748e-08,2.922637461542383e-07,0.0,1.6666666666666707e-07,2.4154589371978017e-09,3.3574210533161803e-07,1.384037362288854e-06,1.2077294685989007e-08
189,8.005966297732106e-05,1.1628666555670917e-06,1.6930001882213625e-05,1.2135774134833151e-06,5.289482998440717e-07,2.0984966385516777e-05,1.7677117804536137e-06,1.880027450489658e-06,5.688000202029681e-07,3.357934356689204e-06,1.8292754896925906e-06,1.0984922529651398e-05,6.919840527611346e-07,0.0003386501445038391,6.629877725727275e-07,5.90543444659211e-07,9.492166659177643e-07,1.0083045962594236e-05,2.4774419056901185e-06,8.313455409281907e-06
517,0.0,0.0,0.0,0.0,0.0,0.0,0.0,0.0,0.0,0.0,0.0,0.0,0.0,0.0,0.0,0.0,0.0,0.0,0.0,0.0
956,0.00017567331247978575,5.1327059064155265e-06,0.00011623849091997857,1.4691427027405135e-05,8.109322443507446e-06,0.0006801164060551235,6.204142212287678e-05,1.0255742799307681e-05,7.772111031959115e-06,5.719109428744255e-06,1.7520678309783255e-05,4.054896336292004e-05,1.0985027705699326e-05,5.0172276287766123e-05,7.390705038624037e-06,6.419292546504732e-06,2.1191109692518138e-05,1.6721386239894764e-05,4.4984146120370525e-05,1.0458642053677582e-05
414,0.0,0.0,0.0,0.0,0.0,0.0,0.0,0.0,0.0,0.0,0.0,0.0,0.0,0.0,0.0,0.0,0.0,0.0,0.0,0.0
671,1.3185737161846611e-05,0.0,0.0,0.0,0.0,3.3003300330029368e-09,0.0,0.0,0.0,3.300329228044392e-09,0.0,0.0,0.0,1.6501650165014686e-09,0.0,0.0,0.0,0.0,0.0,0.0
559,6.619866734344164e-06,4.566208563125868e-09,5.403995820850088e-06,1.1415516101897325e-08,0.0,8.62933377287861e-07,2.51140867780377e-08,3.4018196347028216e-07,2.2831050228307987e-09,1.095885082532803e-07,3.561620488658531e-07,8.495025514329259e-06,0.0,2.762492943101704e-07,0.0,0.0,2.2831050228307983e-09,7.76250721253644e-08,3.51596314810466e-07,1.1415525114153994e-08
593,1.1466842792728662e-05,9.732351615013133e-09,3.0412495680694466e-07,2.676390656656307e-08,0.0,1.4936762648875165e-06,7.055900343235868e-08,1.2165438219773608e-08,7.2992649564598775e-09,1.1678775332101407e-07,4.622844592602241e-08,3.430519481424418e-07,1.4598531456376564e-08,2.943970581699627e-07,0.0,1.6788321167883253e-07,2.433090024330632e-09,3.381927776333087e-07,6.082678118159954e-08,1.2165450121653161e-08
258,0.00017431848441374698,3.431362659659413e-07,3.063611697246428e-07,2.6960699997199566e-08,0.0,1.5046591785999248e-06,7.10778196340672e-08,5.345568615480922e-06,7.3529360223162005e-09,1.1764648680131564e-07,3.7989703746679573e-07,3.455743889376068e-07,1.4705873599438156e-08,2.965617424212124e-07,0.0,1.6911764705882393e-07,2.4509803921565926e-09,3.406794892335536e-07,1.7279100665736021e-06,1.2254901960782963e-08
154,3.7369037359075316e-08,0.0,0.0,0.0,0.0,0.0,0.0,0.0,0.0,1.494768310911644e-09,0.0,0.0,0.0,0.0,0.0,0.0,0.0,0.0,0.0,0.0
335,2.7499839253870368e-05,4.7720732635835275e-06,2.6421847445988502e-05,7.833083309489356e-07,3.5277578601478726e-07,6.236847450710512e-06,5.138667858213318e-07,1.9359038962393752e-05,1.4582816449746287e-06,1.416657082988118e-07,8.305192935190495e-07,5.6573393699292705e-05,3.6110825687467614e-07,6.888435963401693e-07,3.7304848545855344e-06,2.1666525204417732e-07,3.499983128654987e-07,1.008254166356612e-06,2.227634188394878e-06,9.694407118055537e-07
13,0.0,0.0,0.0,0.0,0.0,0.0,0.0,0.0,0.0,0.0,0.0,0.0,0.0,0.0,0.0,0.0,0.0,0.0,0.0,0.0
911,2.046778946922451e-08,0.0,0.0,0.0,0.0,0.0,0.0,0.0,0.0,0.0,0.0,0.0,0.0,0.0,0.0,0.0,0.0,0.0,0.0,0.0
156,0.0052088954835034385,0.003589480756884781,0.003993326328957391,0.0035519668249913384,0.0035565844748377236,0.004047828102546339,0.003574697217076987,0.0035138342498404612,0.0033963009015627313,0.003356241414189417,0.0035050126262128486,0.0040492403704509294,0.003330408490370108,0.00412708120660035,0.003444504433396517,0.003317041315443754,0.0033389874476827696,0.0036763471497840163,0.00389500164950287,0.0034004672301154756
428,0.0011022443804024628,0.00011259789841256878,5.261692559756883e-05,5.37779232037575e-05,6.061822600229163e-05,6.079328621687496e-05,0.00018313302724616364,0.00035128795441549947,3.744791504345082e-05,1.8372640177571096e-05,5.677041208101208e-05,4.536818256540987e-05,3.596466370400811e-05,6.101440367708256e-05,4.198985786589194e-05,2.6306890993354284e-05,1.9895005467442998e-05,2.9149905930213142e-05,8.162968842628734e-05,2.05301632157823e-05
824,5.5211078749443704e-05,0.0,3.3525992292867213e-07,0.0,0.0,8.477773623960527e-08,0.0,0.0,0.0,1.7341016125903286e-08,0.0,3.853563458628185e-09,0.0,9.633904289185396e-09,0.0,0.0,0.0,9.633905085028678e-09,0.0,9.633911368014355e-09
267,0.0,0.0,0.0,0.0,0.0,0.0,0.0,0.0,0.0,0.0,0.0,0.0,0.0,0.0,0.0,0.0,0.0,0.0,0.0,0.0
538,0.0024780278782088197,0.0007168874915377697,0.001022255040318318,0.000670954635554913,0.000628565553755642,0.001133644162294034,0.0006760367470034456,0.0006918680264192948,0.0004959778327260252,0.00047218458817985194,0.0006317605880444,0.0017734216547570748,0.0004408722283326417,0.002173483857892359,0.0005756569762131008,0.00042499459656954256,0.00047823134149027396,0.0008128979165867034,0.0009568739228040907,0.0005116467539861423
236,0.0,0.0,0.0,0.0,0.0,0.0,0.0,0.0,0.0,0.0,0.0,0.0,0.0,0.0,0.0,0.0,0.0,0.0,0.0,0.0
944,2.0557955942657217e-08,0.0,0.0,0.0,0.0,0.0,0.0,0.0,0.0,3.333333333332966e-07,0.0,0.0,0.0,0.0,0.0,0.0,0.0,0.0,0.0,0.0
479,4.0796517129704585e-07,0.0,0.0,0.0,0.0,1.5624987535612743e-08,0.0,0.0,0.0,1.562497807177744e-08,0.0,0.0,0.0,6.944441840277012e-09,0.0,0.0,0.0,6.666666666665932e-07,0.0,8.6805555555546e-09
785,8.195854519873901e-07,0.0,0.0,0.0,0.0,3.7522335947149703e-07,0.0,0.0,0.0,1.6393419616291085e-08,0.0,0.0,0.0,9.107461431852861e-09,0.0,0.0,0.0,9.10746218420744e-09,0.0,9.107468123860565e-09
950,6.918180834796866e-08,0.0,0.0,0.0,0.0,0.0,0.0,0.0,0.0,1.5723270440249839e-09,0.0,0.0,0.0,1.572327044024984e-09,0.0,0.0,0.0,0.0,0.0,0.0
59,0.0008356902018838363,6.659308981455959e-05,0.00010159204409995245,5.412266604450083e-05,4.8672374177651514e-05,0.00019702057878652192,7.88798871940357e-05,8.971850644238118e-05,3.594359279867706e-05,4.560161269997513e-05,6.952261627873918e-05,0.0002534047687869587,2.9921817319524753e-05,8.462738581261153e-05,4.973952714137741e-05,2.7080418379757107e-05,2.9984199376381656e-05,9.687783297076517e-05,9.680205562438785e-05,5.167056402682241e-05
868,0.00017222597036535203,1.2345663142213284e-08,3.086305117226031e-07,4.360458433687742e-06,0.0,8.0146698475481e-05,2.404887532309772e-06,3.851798426943511e-07,7.407402215074098e-09,1.1851794225910316e-07,1.04936759837494e-06,1.0147312390527815e-06,1.481480599647103e-08,2.9875849606877696e-07,0.0,1.7037037037037077e-07,2.469135802468864e-09,3.43203041005654e-07,7.407252227444959e-07,1.234567901234432e-08
175,0.0,0.0,0.0,0.0,0.0,0.0,0.0,0.0,0.0,0.0,0.0,0.0,0.0,0.0,0.0,0.0,0.0,0.0,0.0,0.0
711,2.296075452513129e-06,0.0,6.097557409542153e-09,0.0,0.0,2.743821933463468e-07,2.032520325203028e-09,6.097560975609084e-09,0.0,1.8292657254763834e-08,4.065039418575556e-09,1.8292645257408707e-08,0.0,1.0162594158713863e-08,0.0,0.0,2.0325203252030278e-09,3.6585281052065415e-08,2.032520325203028e-09,1.0162601626015141e-08
449,0.00011787477249789137,1.7520924079881562e-05,3.7633713426256626e-05,2.8193574967321624e-05,1.4205234452739102e-05,0.00017881795768633232,7.822088786768264e-06,1.570487651509354e-05,6.251799598418815e-05,5.787973018660965e-06,1.639889466931779e-05,3.970623922500369e-05,3.577535652811585e-05,4.8779191999413325e-05,7.146362002413663e-06,6.163251732579485e-06,4.452305811405883e-06,1.692272784722188e-05,4.3189036968352204e-05,1.0252191549640535e-05
120,4.10101114602266e-07,0.0,0.0,0.0,0.0,1.5706793753076684e-08,0.0,0.0,0.0,1.5706784239692504e-08,0.0,0.0,0.0,6.9808001745193e-09,0.0,0.0,0.0,3.490401396160174e-09,0.0,8.726003490400436e-09
794,2.0375148439365242e-06,0.0,0.0,0.0,0.0,0.0,0.0,0.0,0.0,1.501501501501336e-09,0.0,0.0,0.0,0.0,0.0,0.0,0.0,0.0,0.0,0.0
180,0.0,0.0,0.0,0.0,0.0,0.0,0.0,0.0,0.0,0.0,0.0,0.0,0.0,0.0,0.0,0.0,0.0,0.0,0.0,0.0
311,2.688171503216874e-09,0.0,0.0,0.0,0.0,0.0,0.0,0.0,0.0,0.0,0.0,0.0,0.0,0.0,0.0,0.0,0.0,0.0,0.0,0.0
3,0.0,0.0,0.0,0.0,0.0,0.0,0.0,0.0,0.0,0.0,0.0,0.0,0.0,0.0,0.0,0.0,0.0,0.0,0.0,0.0
194,2.7956556409517705e-06,0.0,6.289304497892536e-09,0.0,0.0,2.830105642062949e-07,4.1928708312428666e-09,6.2893081760999355e-09,0.0,1.3018794313246596e-05,4.19287084683265e-09,1.886788567430835e-08,0.0,1.0272491011314364e-07,0.0,0.0,2.0964360586999786e-09,7.12783681151145e-08,2.096436058699979e-09,1.0482180293499894e-08
437,0.0019311772157881613,0.0005317788480686652,0.001226083171218193,0.0005014509862245687,0.0006268909764559824,0.0010615406797550118,0.0006379532904673437,0.0005467165880680646,0.0004904813157688167,0.00033624694669332205,0.0003914896937283085,0.001325299683252582,0.0004161552077025017,0.0009639216898839243,0.0005321495945228445,0.0004092462015317811,0.0003792775606715346,0.0004845763562897817,0.0013511018434166416,0.00030149797747668045
683,0.00023445928269620457,4.2327060682746186e-07,1.907177315480218e-05,7.460151820243587e-07,7.936501830785456e-09,3.799853891430474e-06,9.788246818585979e-08,8.121382028014141e-07,4.031707846351158e-06,1.349197221893446e-07,7.909784425651991e-07,8.438333414171686e-07,3.518499786192845e-07,6.586896880982971e-07,1.6772433759464044e-06,2.5157452380953512e-06,5.291003286836036e-09,3.6771754393462933e-07,1.8015174561593305e-06,9.232768683862415e-07
799,1.5520159383053394e-06,0.0,3.875967872025383e-09,0.0,0.0,1.2751613268327494e-05,0.0,0.0,0.0,1.74418359871004e-08,0.0,6.705418593703549e-07,0.0,9.689915360634148e-09,0.0,0.0,3.333333333332966e-07,9.689916161104427e-09,0.0,9.68992248061909e-09
746,2.1236452934359257e-05,9.333243297559703e-08,5.599620453906211e-07,8.533250969160741e-08,7.999993845431739e-09,3.830252722561917e-06,9.866552793134667e-08,1.5199774188448456e-07,6.39996042518147e-08,1.3599907996685936e-07,1.3066447076777292e-07,8.505840081485059e-07,2.1333296964655726e-08,3.3065841115915244e-07,2.3999947287632543e-08,2.0266564444444579e-07,5.333331313130725e-09,3.7065928428610635e-07,1.4933038826643067e-07,9.306630833333315e-07
625,0.0012747659631977758,0.00016298065841642892,0.00010825643601605355,0.00010540667441246938,0.00012889209260548686,0.0009477537456060367,0.00026199771430234127,0.00010653146809682867,7.365638852074626e-05,5.435715540894034e-05,0.00019616098337007563,0.00010737907164097582,6.0949317445960356e-05,0.00013680823475092723,9.932328614098254e-05,6.12345218800173e-05,5.13835627489551e-05,6.480397455199013e-05,0.0001315229783826836,3.751932613394129e-05
692,0.0,0.0,0.0,0.0,0.0,0.0,0.0,0.0,0.0,0.0,0.0,0.0,0.0,0.0,0.0,0.0,0.0,0.0,0.0,0.0
551,0.0014748897995722908,0.00036035101074383493,0.00017968565678438833,0.00016620433244932218,0.00021886967333625858,0.0003575017005499946,0.00032182705198163076,0.00024466781605067593,0.00013716985475951087,9.203962449579339e-05,0.00017378599311193907,0.0003281909583046509,0.00012194627087320753,0.00040080777299810025,0.00013780019472844557,0.00011593220954686628,0.00020917128414679883,0.0010973716194621708,0.0002230272410191384,6.0885106060471777e-05
248,8.240886687565517e-07,0.0,0.0,0.0,0.0,4.3955882370039355e-08,0.0,0.0,0.0,1.648349335044653e-08,0.0,3.333333333332966e-07,0.0,9.157502428731174e-09,0.0,0.0,0.0,9.157503185219568e-09,0.0,9.15750915750815e-09
659,3.8099955980315704e-05,1.6785251215358733e-06,3.7587784985364326e-05,1.201135602596301e-06,4.2941861252124066e-07,6.766516107732582e-06,9.314451564387956e-06,4.64182403274632e-06,9.008475863095769e-07,1.0750341934932903e-06,1.8084836623041076e-05,4.111927821795899e-06,3.9638960071714505e-07,1.2641094994184797e-06,8.227886478339181e-07,5.885600651452726e-07,3.963896190491341e-07,2.0356544575128307e-06,4.888125035276427e-06,3.2515734237166426e-06
2,0.005713055537947409,0.003948428832573258,0.00439470284100918,0.003908687638526367,0.003912242922321495,0.00445471897363684,0.0039337178372934704,0.003864677791724287,0.003735930991719005,0.0036916612218841705,0.0038550003914476546,0.004454164407496022,0.0036634493394071188,0.004539789327260386,0.003788954876736168,0.003648745446988129,0.0036728861924510475,0.004045652466961649,0.004286429905760861,0.0037416593169836906
997,5.653533403599757e-05,0.0,3.898634350809157e-09,0.0,0.0,1.5984146788142837e-07,0.0,0.0,0.0,1.7543835027960635e-08,0.0,7.797265320559588e-09,0.0,9.746581532333762e-09,0.0,0.0,1.949317738791208e-09,9.746582337485154e-09,0.0,9.746588693956043e-09
860,0.000454664031583691,1.2113903984458884e-06,4.7431895265206804e-05,1.7273862410828074e-06,8.557266883587229e-07,6.083528433139738e-05,1.2306164707467194e-06,1.8265942583496496e-06,1.3268118738583837e-06,3.261893605290029e-06,8.891981416858397e-06,0.00010763996716471641,4.262716545805882e-07,2.0732735263997293e-06,1.3460350395363149e-06,9.710870894767736e-07,4.5831887767552274e-07,4.421016390523227e-06,8.299026612002615e-06,7.331827906650509e-06
776,8.435639764483074e-06,0.0,0.0,0.0,0.0,3.205128205127852e-09,0.0,0.0,0.0,1.6025641025639259e-09,0.0,0.0,0.0,1.602564102563926e-09,0.0,0.0,0.0,0.0,0.0,0.0
857,0.0007242629516950634,8.506392323455086e-06,9.255221323291465e-05,6.225073058872393e-06,3.2009997764556008e-06,2.1877993964315494e-05,4.119219521938625e-06,3.899546680547199e-06,2.9079813678100614e-06,4.060822433954986e-06,1.8506797197726677e-05,1.2766749812727633e-05,1.6993783966391005e-06,9.700021333098132e-06,1.6000523428403142e-05,1.5968538231820306e-06,2.2925970925763575e-06,1.1190790510880133e-05,1.9824975609331174e-05,8.737304914258242e-06
358,0.00017013034025695553,6.791019740643093e-07,3.1093372449665237e-07,3.93028506684777e-07,3.333333333332966e-07,2.1139144922606387e-06,8.955124388463572e-08,5.472617096852508e-08,2.3407907907925932e-06,1.194024045147681e-07,1.0571963505249058e-06,2.0020274816839276e-05,1.4925364250176038e-08,3.009880370842156e-07,0.0,1.7164179104477652e-07,2.4875621890544524e-09,3.457642577295768e-07,7.462519173541969e-07,1.2437810945272261e-08
769,0.006427187480190838,0.004441982436644915,0.004948056207297003,0.004395095523647269,0.004401273287611682,0.005015683613307623,0.004428608874618956,0.004347762515689822,0.00420292236568388,0.004153118874619692,0.004341893150913838,0.005010934958433025,0.004125320742700507,0.005107262993167935,0.004262574236328189,0.004104838627861646,0.004131996966507429,0.004554739105205151,0.004826052048891349,0.004212193404942351
73,0.0,0.0,0.0,0.0,0.0,0.0,0.0,0.0,0.0,0.0,0.0,0.0,0.0,0.0,0.0,0.0,0.0,0.0,0.0,0.0
117,0.0009586910056847642,0.0007013256433446304,0.0012341670172993499,0.000499611911788112,0.0005869382740480936,0.0013665824385633147,0.0006628489816425671,0.0006155667464136842,0.0004836254684926464,0.0005964995385333807,0.0004848592493428178,0.0013362006828342957,0.0004391263663460566,0.000965595877437723,0.0008973973131633275,0.0004017437657976231,0.000371834653616573,0.00048056052603744857,0.0004549534398884845,0.0014671083562081998
938,0.000308117998810419,3.28296064134754e-05,4.051522349211053e-05,1.414911106652186e-05,1.44376743209562e-05,9.420774966286392e-05,2.657229866774704e-05,3.467894769644193e-05,1.2407769033491991e-05,2.1792695758604607e-05,2.3451241596438608e-05,8.268777098606167e-05,9.07692286872996e-06,3.235701658501345e-05,1.598575552643382e-05,7.004646478502847e-06,8.324682986020924e-06,3.684791433324718e-05,3.157780393259525e-05,1.4901065684184173e-05
535,1.8936528433506605e-06,0.0,3.3725450867059643e-07,0.0,0.0,1.6078171181014265e-07,0.0,0.0,0.0,1.7647034057536874e-08,3.333333333332966e-07,7.843131587151114e-09,0.0,9.803914364876903e-09,0.0,0.0,1.960784313725274e-09,9.803915174764477e-09,0.0,9.803921568626372e-09
111,7.092193288314648e-09,0.0,0.0,0.0,0.0,0.0,0.0,0.0,0.0,0.0,0.0,0.0,0.0,0.0,0.0,0.0,0.0,0.0,0.0,0.0
509,0.0,0.0,0.0,0.0,0.0,0.0,0.0,0.0,0.0,0.0,0.0,0.0,0.0,0.0,0.0,0.0,0.0,0.0,0.0,0.0
512,4.122595415212253e-07,0.0,0.0,0.0,0.0,1.5789461088619196e-08,0.0,0.0,0.0,1.5789451525164568e-08,0.0,0.0,0.0,7.017541228069402e-09,0.0,0.0,0.0,3.508771929824175e-09,0.0,8.771929824560438e-09
916,0.0032411878967973495,0.002240361069734779,0.002480592498999506,0.0022026955168482428,0.0022215332694002277,0.0025152659319353657,0.0022144647916288586,0.0021739239030100724,0.002119545650919276,0.00207548597994667,0.00217527462484707,0.0025252118220724065,0.0020715199994705818,0.0025778286503303845,0.002151482311615054,0.002065506814382037,0.002080473062436835,0.0022748381820393384,0.002417327820906239,0.002120143212345359
555,0.0,0.0,0.0,0.0,0.0,0.0,0.0,0.0,0.0,0.0,0.0,0.0,0.0,0.0,0.0,0.0,0.0,0.0,0.0,0.0
552,0.0,0.0,0.0,0.0,0.0,0.0,0.0,0.0,0.0,0.0,0.0,0.0,0.0,0.0,0.0,0.0,0.0,0.0,0.0,0.0
354,0.0016557920875898149,0.0004896052471852567,0.000309800765410199,0.0005496055276079332,0.0004654149293005219,0.0005200958286932482,0.00045712932041525473,0.0004288319256782803,0.00024307707404315671,0.0001656234953775434,0.00028144310919766104,0.0002905813762876485,0.0002422874349633903,0.0005198898346961305,0.0003492685540574407,0.00023326969046341299,0.0001795744349345319,0.0002264118457073165,0.0009975041475869455,0.00015348323397455766
970,3.180145264633144e-07,0.0,0.0,0.0,0.0,3.4013605442173124e-09,0.0,0.0,0.0,6.785690382878401e-07,0.0,0.0,0.0,6.8027185374142156e-09,0.0,0.0,0.0,0.0,0.0,8.503401360543282e-09
8,0.0022237425203682245,0.000885988136370986,0.000871005175616802,0.0008337051373200697,0.0008035897641733438,0.001359169518089341,0.0008570213320252653,0.0007855946259688806,0.0008978043592098072,0.0005213823923415152,0.0006227806364178393,0.0015918711297371016,0.0007309371846010227,0.0013433659174803148,0.000698804461094485,0.0006531606950148426,0.0008805701357877403,0.0007290631013565455,0.0008492148980953781,0.000460476106947609
581,9.028454423458427e-05,1.1266350397643641e-05,9.023289984852736e-05,8.626562862784894e-06,3.236537987307095e-06,2.1789846700966915e-05,4.498106632068137e-06,0.00015985186905980264,2.606997057078079e-06,4.105933659171298e-06,8.717565147795913e-06,0.00019695208745252183,5.050869577307355e-06,0.00012988304828312749,3.847293694888547e-06,2.94767874362576e-06,8.649521807871241e-06,0.0003137094732971799,2.071022935092315e-05,8.834376371855652e-06
56,1.5406849772173992e-05,6.84206982738516e-07,3.1327157204925876e-07,3.959833127286425e-07,2.506265664160125e-09,8.274493388506834e-05,4.235488723849743e-07,7.217932850756188e-07,2.5062612093921163e-08,1.2030016695472877e-07,3.398430530294195e-06,5.062352024944931e-07,3.483694146088052e-07,3.032511050322172e-07,0.0,1.7293233082706807e-07,2.506265664160125e-09,3.483639889907015e-07,1.7518361482163103e-06,1.2531328320800625e-08
576,6.950968421691639e-08,0.0,0.0,0.0,0.0,0.0,0.0,0.0,0.0,1.579778830963491e-09,0.0,0.0,0.0,1.5797788309634911e-09,0.0,0.0,0.0,0.0,0.0,0.0
705,0.001359419858099034,0.00016903986334826577,0.0001294199057608975,0.00011096632813339423,9.333042646354222e-05,0.0002641474505830345,0.0002898674642723889,0.00045477224864194535,8.268173119200009e-05,6.35456251793156e-05,0.0001300767643535462,0.00011928666725719982,7.271861286930286e-05,0.00016986443707001425,0.0001645257121253088,7.663922018988727e-05,6.332378114536397e-05,7.338704326813176e-05,0.00016284580190832794,4.36857984612887e-05
651,0.0,0.0,0.0,0.0,0.0,0.0,0.0,0.0,0.0,0.0,0.0,0.0,0.0,0.0,0.0,0.0,0.0,0.0,0.0,0.0
84,7.002795893924127e-09,0.0,0.0,0.0,0.0,0.0,0.0,0.0,0.0,0.0,0.0,0.0,0.0,0.0,0.0,0.0,0.0,0.0,0.0,0.0
228,6.736367668014434e-06,0.0,0.0,0.0,0.0,0.0,0.0,0.0,0.0,1.5873015873014123e-09,0.0,0.0,0.0,1.5873015873014125e-09,0.0,0.0,0.0,0.0,0.0,0.0
159,0.014059472612917456,0.00971683658016076,0.01080881024008566,0.009614271457978402,0.009627785316650558,0.010956114338065885,0.00967736479064235,0.009510730503071487,0.009193892674933488,0.009084947538230586,0.009488483060370468,0.010961420221572246,0.009016751182405799,0.011172137797554863,0.009324381141967918,0.008979334498447348,0.009038743364235,0.009952098082077756,0.010543064242065896,0.00920597475174787
205,2.5206505529812417e-07,0.0,0.0,0.0,0.0,3.3167495854059367e-09,0.0,0.0,0.0,3.316748776442623e-09,0.0,0.0,0.0,1.6583747927029685e-09,0.0,0.0,0.0,0.0,0.0,0.0
125,0.0,0.0,0.0,0.0,0.0,0.0,0.0,0.0,0.0,0.0,0.0,0.0,0.0,0.0,0.0,0.0,0.0,0.0,0.0,0.0
688,0.0013669799898597419,0.0002226925570176941,0.00012661975219104728,0.00011710457041010073,0.00013003578323117216,0.00017074252020088816,0.0002841555320348536,0.00013641139690281228,8.903252331146215e-05,0.0001645742381385207,0.0001262575689120004,0.00011378177282942139,6.994014348976113e-05,0.00016569914266058354,0.00010554379244093822,7.358865468930194e-05,6.072318009519928e-05,7.198163156271239e-05,0.00034066256945001144,4.2097657527386e-05
887,0.0006279197317962995,8.158185618465845e-05,0.00011081066069690389,7.408099185029625e-05,0.00015213858849791315,0.00021218946204525847,8.854193221401172e-05,0.00010062429449997283,4.199263431059543e-05,4.819854722139905e-05,7.711938958792693e-05,0.00014299533870913396,3.582497950670027e-05,9.772992141765231e-05,5.378713341097659e-05,3.272767772168552e-05,3.4525953129035006e-05,0.00010385896513717574,0.000120839720742664,5.610652977244593e-05
473,0.001977172996817795,0.0007663620368324307,0.0005829232028019336,0.0009121052517923554,0.0006180369578297128,0.0013784053731501803,0.0008510337574884995,0.0005426680196367963,0.00045016051457175935,0.0003311352943237061,0.0003844924270213833,0.0008100474737657584,0.0004049523748767516,0.0009673979434429249,0.0005314299289218802,0.00043864727865979296,0.00037787893490328283,0.0013053588880080102,0.0013742757899705576,0.00032041591121762604
244,5.6207142039491184e-05,0.0,5.917156302750966e-09,0.0,0.0,1.617330828859423e-07,0.0,0.0,0.0,1.7751454377403957e-08,1.972386587770986e-09,6.745546294082603e-07,0.0,9.861925692479724e-09,0.0,0.0,1.9723865877709856e-09,4.343182439335926e-06,0.0,9.861932938854931e-09
597,2.239424211424658e-06,0.0,5.95237747121972e-09,0.0,0.0,1.626957798078824e-07,0.0,0.0,0.0,1.7857117796317074e-08,1.9841269841267657e-09,1.1904746777227099e-08,0.0,9.920627631125437e-09,0.0,0.0,1.9841269841267652e-09,3.571420293177814e-08,0.0,9.92063492063383e-09
797,0.00017278775119216211,6.89389332294137e-07,9.981396138160743e-06,3.9898288632256193e-07,3.3585833333329633e-07,2.7566641459227764e-06,9.343326508650251e-08,7.272603223969719e-07,2.5252480367359957e-08,1.2121153185590097e-07,4.2423228768452165e-07,1.1766349702679662e-06,1.7676747265896836e-08,3.055484618885219e-07,6.666666666665932e-07,1.7424242424242465e-07,3.3585833333329633e-07,3.510031101194189e-07,7.651305435168401e-07,1.2626262626261235e-08
195,0.0001189889322802257,3.0059239242462705e-05,0.00011074219675410914,4.11929177698144e-05,1.3711319141762704e-05,3.471386972883286e-05,5.853959355510418e-05,3.520061124123261e-05,6.627345668894002e-06,5.525568454338526e-06,1.5932157013335035e-05,1.7624214144784143e-05,4.5552252842212194e-06,2.0503071883339477e-05,6.90014611183944e-06,5.905050388170615e-06,7.505196237540281e-06,1.67971592250534e-05,3.2059582172017075e-05,1.0377180767837801e-05
202,3.333333333332966e-07,0.0,0.0,0.0,0.0,0.0,0.0,0.0,0.0,0.0,0.0,0.0,0.0,0.0,0.0,0.0,0.0,0.0,0.0,0.0
81,0.0011050421921121462,7.121415850714343e-05,5.136327971273795e-05,6.217869713747675e-05,5.9126600252146466e-05,0.00014176403052964346,0.0001789316499394053,4.528085169204228e-05,3.5972122540453615e-05,1.729900911573198e-05,5.822314607063169e-05,0.00013021011224101904,3.9463042705367994e-05,0.00012714636204122279,4.024295304823373e-05,2.5009013559199953e-05,1.8841406527902678e-05,2.8895955393223566e-05,0.00017446045077725882,2.015405207145372e-05
484,0.0027734967738395865,0.001620003703704318,0.0021183246370894814,0.0014580679326999945,0.0016112548837936428,0.0019190439715861614,0.0015537867551681578,0.0014571433304187095,0.0014035952209344776,0.001289378954223006,0.0013832390726549286,0.002130695324143656,0.0013617106033243362,0.0022278209543396678,0.0014813914302726438,0.001443476339674801,0.0013617079458865138,0.0015023695100444506,0.0018548722189265239,0.0013239332303919263
443,7.026303450416081e-05,0.0,6.134965737208055e-09,0.0,0.0,2.76065519685895e-07,3.3537811860937e-07,6.134969325152698e-09,0.0,1.8404882145897353e-08,4.089978310714057e-09,1.840487007493882e-08,0.0,1.0102218738796227e-06,0.0,0.0,2.0449897750508992e-09,5.370084168393552e-06,2.0449897750508996e-09,1.0224948875254499e-08
578,5.1970464993141924e-05,5.565937701485307e-07,5.287518220164068e-06,4.1098133219110303e-07,1.9740586736095174e-07,7.87655482117355e-06,5.760103493291432e-07,8.445762358814188e-07,3.3979161552078337e-07,2.9605220272267315e-06,9.804572391009034e-07,6.176394178314924e-06,9.708617576210205e-08,1.0937244742697108e-06,3.5920718255550675e-07,3.1390934906891524e-07,1.2944774198815072e-07,4.131014355604949e-06,1.0483955620462012e-06,7.403010701860709e-06
201,4.761876870347524e-08,0.0,0.0,0.0,0.0,0.0,0.0,0.0,0.0,1.5360983102916893e-09,0.0,0.0,0.0,1.5360983102916895e-09,0.0,0.0,0.0,0.0,0.0,0.0
186,4.783922596599133e-08,0.0,0.0,0.0,0.0,0.0,0.0,0.0,0.0,1.5432098765430397e-09,0.0,0.0,0.0,1.54320987654304e-09,0.0,0.0,0.0,0.0,0.0,0.0
516,0.0015102300905813972,0.0009871898885719028,0.0015299073805604153,0.0007149107191088595,0.0008737778445305794,0.0009759676985563977,0.0009289622570409055,0.0007849012941986586,0.0006075508285942012,0.0005161051347445767,0.0006208459510840807,0.0016141457071491552,0.0005778279483515977,0.001357435920801489,0.000695965888579689,0.0006483665614099228,0.0008799483651561452,0.0014848550522993235,0.0008546900642469476,0.001641546069923809
821,7.122501806640778e-09,0.0,0.0,0.0,0.0,0.0,0.0,0.0,0.0,0.0,0.0,0.0,0.0,0.0,0.0,0.0,0.0,0.0,0.0,0.0
967,0.0,0.0,0.0,0.0,0.0,0.0,0.0,0.0,0.0,0.0,0.0,0.0,0.0,0.0,0.0,0.0,0.0,0.0,0.0,0.0
216,0.00013216455593495908,1.396749086999582e-06,1.7825115584207905e-05,1.3930085800635747e-06,6.06693178069518e-07,2.1703488971770086e-05,1.8834468143895626e-06,3.740103805655533e-06,6.366535757272288e-07,3.48608906955951e-06,2.48607670579191e-06,1.346043354257747e-05,7.75221598871277e-07,0.00043949077029739234,8.912849651837248e-07,6.47895739203073e-07,1.0823065576098016e-06,1.3843016324932386e-05,2.957643254976877e-06,8.601155883708686e-06
50,0.0,0.0,0.0,0.0,0.0,0.0,0.0,0.0,0.0,0.0,0.0,0.0,0.0,0.0,0.0,0.0,0.0,0.0,0.0,0.0
783,4.8600722849366026e-06,4.415009604081965e-09,1.7660019051026926e-08,1.1037518879980194e-08,0.0,8.343594243975345e-07,1.5452514189116884e-08,6.6225165562906595e-09,2.2075055187635534e-09,1.0595974970184718e-07,8.830015112955905e-09,1.0595900213907644e-07,0.0,2.21206105905908e-05,0.0,0.0,2.2075055187635534e-09,7.505470549869672e-08,4.4150096314726365e-09,1.1037527593817769e-08
672,0.0,0.0,0.0,0.0,0.0,0.0,0.0,0.0,0.0,0.0,0.0,0.0,0.0,0.0,0.0,0.0,0.0,0.0,0.0,0.0
531,4.67568905368965e-08,0.0,0.0,0.0,0.0,0.0,0.0,0.0,0.0,1.5082956259425184e-09,0.0,0.0,0.0,0.0,0.0,0.0,0.0,0.0,0.0,0.0
314,0.007498385393555978,0.0051823128427524005,0.005764698794712355,0.005127611444255147,0.0051348188355469625,0.005843260980301808,0.005161261221675919,0.005072389601638126,0.004903409426631194,0.004845305353722975,0.005060524298864251,0.005846090784838529,0.004808933963949759,0.005958473492029253,0.0049730032757162234,0.004788978399171921,0.0048206631275920005,0.005307785643774807,0.005622967595768475,0.004909853200932199
200,0.0033576999686978437,0.0023203478814306858,0.0025800616322976294,0.0022861380573493562,0.0022996347917993475,0.00260735635364624,0.00230641377028415,0.002256397974689458,0.002195183160579916,0.002165186000756194,0.00225285242260467,0.0026057108833122617,0.0021468453520118217,0.0026698939592707553,0.002228320965601306,0.002139035433181778,0.002154708174478894,0.0023650508297381597,0.002504018687370985,0.002195727675614834
223,0.0020024969108754123,0.0005280186807140009,0.0008459617289780572,0.001025846908746593,0.0005518780619425909,0.0013906923907201069,0.0005794795629358,0.0005376216549854106,0.0004432994970943987,0.00032435322022681876,0.00037926236804685894,0.0013541702328941229,0.00040517215801735027,0.0009690732184890779,0.0005257611653170929,0.0003899284388571764,0.00035899750574618707,0.0013160198971434022,0.0013868282049121587,0.00031519472153028157
587,0.0,0.0,0.0,0.0,0.0,0.0,0.0,0.0,0.0,0.0,0.0,0.0,0.0,0.0,0.0,0.0,0.0,0.0,0.0,0.0
983,6.665520987684468e-06,4.597699656664667e-09,1.080446653780119e-07,1.149424379915179e-08,0.0,8.688846419588117e-07,2.5287287376506925e-08,9.195397575183994e-09,2.29885057471239e-09,1.1034429106882018e-07,2.5287288624598025e-08,2.2068380741493924e-07,0.0,2.781544618571371e-07,0.0,0.0,2.29885057471239e-09,7.816041745036693e-08,2.068961012907183e-08,1.1494252873561952e-08
699,0.0,0.0,0.0,0.0,0.0,0.0,0.0,0.0,0.0,0.0,0.0,0.0,0.0,0.0,0.0,0.0,0.0,0.0,0.0,0.0
826,0.0,0.0,0.0,0.0,0.0,0.0,0.0,0.0,0.0,0.0,0.0,0.0,0.0,0.0,0.0,0.0,0.0,0.0,0.0,0.0
233,1.8373562598037665e-07,0.0,0.0,0.0,0.0,3.252032520324845e-09,0.0,0.0,0.0,3.34959186991833e-07,0.0,0.0,0.0,1.6260162601624227e-09,0.0,0.0,0.0,0.0,0.0,0.0
584,0.0020290861593899156,0.0006570512208962285,0.0005856575139416294,0.0005143707285906064,0.0005715603147967068,0.001403531415643878,0.0006426462918346964,0.0005329581323833911,0.00046624550636087966,0.00031834449286606786,0.00037456533964138727,0.000538539158243578,0.00044863127665884975,0.0009712965436976628,0.0005414324458398146,0.00042502139156961217,0.0003646543535732408,0.0005205747918019649,0.0013998464006043597,0.0003101248014850962
974,0.00011339964482130386,4.444443001442511e-09,3.351093308092192e-06,1.1111102339180062e-08,0.0,8.399218205601847e-07,1.5555530950377663e-08,6.666666666665931e-09,2.2222222222219773e-09,1.0666614803319283e-07,3.422213263254842e-07,1.0666539548667028e-07,0.0,2.6888264646189927e-07,0.0,0.0,2.2222222222219773e-09,7.555507020202136e-08,6.711102208070032e-07,1.1111111111109888e-08
430,0.0034878076071560692,0.0024085163743330657,0.0026712931423933306,0.0023693076760857596,0.0023893212352996615,0.002707667160068661,0.002394067018599488,0.0023432262384989267,0.0022798159144324275,0.00224861461979,0.002342076222649459,0.0027184289042211755,0.0022156294891482967,0.0027725821884734773,0.0023140256181244327,0.0022227649011888335,0.0022363199032156256,0.0024564536723052305,0.0026047650804855464,0.0022801480367305093
874,4.696942185751876e-08,0.0,0.0,0.0,0.0,0.0,0.0,0.0,0.0,1.5151515151513481e-09,0.0,0.0,0.0,0.0,0.0,0.0,0.0,0.0,0.0,0.0
550,0.002294615621445302,0.0008915259720960176,0.0015506635892000495,0.0009980019123808652,0.0008914618388991008,0.001610202699195251,0.0008644884218751473,0.0007949154820513452,0.0006836548516561856,0.0005114408941597029,0.0006197824805552854,0.0016375266355187987,0.0006669350378545223,0.0013725942464574495,0.0006934751896335539,0.0005495912694275238,0.0005567222031393203,0.0007597045737576788,0.0008613301620417841,0.0004922288575639248
608,8.142970765834801e-06,0.0,0.0,0.0,0.0,3.2206119162637356e-09,0.0,0.0,0.0,1.6103059581318676e-09,0.0,0.0,0.0,1.6103059581318678e-09,0.0,0.0,0.0,0.0,0.0,0.0
207,8.286416448270298e-07,0.0,0.0,0.0,0.0,4.4198732548879346e-08,0.0,0.0,0.0,1.6574562374482147e-08,0.0,1.84162062615081e-09,0.0,9.208096364801513e-09,0.0,0.0,0.0,9.2080971254694e-09,0.0,9.208103130754051e-09
382,3.282524605550929e-05,0.0,0.0,0.0,0.0,6.711022059167587e-06,0.0,0.0,0.0,1.66666432765626e-08,0.0,1.8518518518516479e-09,0.0,9.259252455717076e-09,0.0,0.0,0.0,9.259253220610897e-09,0.0,9.25925925925824e-09
994,0.002056797526862702,0.000653198162970259,0.0005836877411205096,0.0005096207572947174,0.0005566839319269803,0.0014170191691410038,0.0006390061633412264,0.0005287036628184703,0.00043236559934277835,0.0003121636710044491,0.0004615534368403208,0.0005301680735524966,0.0004215279657031408,0.0009735238388499032,0.0005182478297229852,0.0004179451526725707,0.0003468538746616818,0.0005190848023069861,0.0014134216843303224,0.00030553437632947495
982,1.846362908136138e-07,0.0,0.0,0.0,0.0,3.2679738562087906e-09,0.0,0.0,0.0,3.267973059141996e-09,0.0,0.0,0.0,1.6339869281043953e-09,0.0,0.0,0.0,0.0,0.0,0.0
47,2.6990547886549987e-09,0.0,0.0,0.0,0.0,0.0,0.0,0.0,0.0,0.0,0.0,0.0,0.0,0.0,0.0,0.0,0.0,0.0,0.0,0.0
521,4.115224662169105e-09,0.0,0.0,0.0,0.0,0.0,0.0,0.0,0.0,0.0,0.0,0.0,0.0,0.0,0.0,0.0,0.0,0.0,0.0,0.0
636,3.2007171846207044e-05,0.0,0.0,0.0,0.0,8.193602441034476e-08,0.0,0.0,0.0,1.675975301553781e-08,0.0,1.8621973929234449e-09,0.0,9.31098012306745e-09,0.0,0.0,0.0,9.31098089223442e-09,0.0,9.310986964617226e-09
19,0.0013750027024643265,0.00010676598237473794,0.00012348719303886439,0.00011342665320411137,0.00011231189204271446,0.00025696771571233297,0.00027879094615531957,0.0001331068949798458,8.555620132455679e-05,6.245033055442034e-05,0.00019909781226499698,0.00011278748285297393,6.348458954384254e-05,0.00016152459099331765,0.00010201606172311122,7.051181924362685e-05,5.809898378807826e-05,0.000979879428836216,0.0003351243466095328,4.082771462304209e-05
366,0.00032878907694122695,1.2520902018113015e-06,3.068914829568949e-05,8.347453383235485e-07,3.9709455385989304e-07,6.528266303809055e-06,1.2868599784557808e-06,1.5852920918359776e-06,4.869384639966029e-07,1.0376416998065672e-06,1.2932310686861547e-05,2.520957680167523e-06,5.507209186545805e-08,8.984621873634724e-07,4.724475191745828e-07,5.709884641070637e-07,4.9275080511503684e-08,1.9648490850776016e-06,5.060296780395132e-06,1.011590307971013e-06
340,0.0,0.0,0.0,0.0,0.0,0.0,0.0,0.0,0.0,0.0,0.0,0.0,0.0,0.0,0.0,0.0,0.0,0.0,0.0,0.0
952,1.6842558798169838e-05,2.798972505673588e-08,3.918387051845624e-07,6.870178948908392e-08,5.089056596498784e-09,2.777707383677912e-06,9.414649611769719e-08,6.615738240023652e-08,2.5445247393064994e-08,1.2213681072503e-07,9.414645956554614e-08,5.190522640028293e-07,1.7811684267926583e-08,3.078808928953046e-07,5.089058524172467e-09,1.7557251908396988e-07,5.089056596498783e-09,3.536825231737656e-07,1.043242647368441e-07,1.2722646310431168e-08
675,3.346718875501639e-07,0.0,0.0,0.0,0.0,0.0,0.0,0.0,0.0,0.0,0.0,0.0,0.0,0.0,0.0,0.0,0.0,0.0,0.0,0.0
306,1.6318111072411948e-05,0.0,0.0,0.0,0.0,2.336749743589856e-06,0.0,0.0,0.0,1.5384593793750093e-08,0.0,0.0,0.0,6.837604273503519e-09,0.0,0.0,0.0,0.0,0.0,8.547008547007607e-09
835,0.002658206526956359,0.0007705364809343666,0.001755663483492762,0.0007794550903091364,0.0007336232931647634,0.0012843299929753747,0.0007934006187855537,0.0008091961348740913,0.0005940428763261676,0.0005630098882358209,0.0007344351693669881,0.0012839846089797166,0.0005333040378389756,0.0022864478215591324,0.000632400050621041,0.0005206631892602831,0.0005305017672379631,0.00093259179448383,0.0010969350724774733,0.0006059669171238034
429,4.8061733993740134e-08,0.0,0.0,0.0,0.0,0.0,0.0,0.0,0.0,1.5503875968990539e-09,0.0,0.0,0.0,1.550387596899054e-09,0.0,0.0,0.0,0.0,0.0,0.0
823,4.0375934478882893e-07,0.0,0.0,0.0,0.0,1.5463905189884777e-08,0.0,0.0,0.0,1.5463895823614784e-08,0.0,0.0,0.0,6.8728496563566305e-09,0.0,0.0,0.0,0.0,0.0,8.591065292095275e-09
304,2.2078413610345095e-05,0.0,0.0,0.0,0.0,1.58730032107812e-08,0.0,0.0,0.0,1.5872993596726288e-08,0.0,0.0,0.0,7.0546710758369644e-09,0.0,0.0,0.0,3.5273368606698058e-09,0.0,8.818342151674515e-09
355,2.8133496639957686e-06,0.0,6.329110222562741e-09,0.0,0.0,2.8480177030886635e-07,4.219407988402631e-09,6.329113924049935e-09,0.0,1.0126533041125901e-07,4.2194080040910846e-09,1.898730267224701e-08,0.0,1.0337506777208758e-07,0.0,0.0,2.1097046413499785e-09,7.172949702723548e-08,2.109704641349979e-09,1.0548523206749894e-08
177,2.773093034003735e-05,4.4787998097912396e-06,2.564246505045222e-05,1.12321044600477e-06,1.689064361741409e-06,8.618188786269594e-06,5.517907257711021e-06,8.57059171723491e-07,4.70572386626097e-07,1.4285617643577664e-07,8.37497051415355e-07,1.3975332156850835e-06,1.3641332329219198e-06,6.946316191299218e-07,4.285608870796141e-07,5.517974531843617e-07,1.960780848980916e-08,1.0167268904436423e-06,3.912885993087906e-06,9.775872724089619e-07
945,0.0006413105688289443,8.274233468125896e-05,0.00040954806339409914,6.952129563237766e-05,6.35335426638332e-05,0.00021440442584822419,9.180666022870653e-05,0.00010996791806635751,4.292580396194199e-05,4.9269626048541254e-05,9.347969867528538e-05,0.00014585114957478334,3.629130634864072e-05,9.99016974491557e-05,5.498240304233162e-05,3.3454959448834084e-05,3.5293196531902456e-05,0.00010584343619469886,0.0001203075669816722,5.735334154516695e-05
60,2.8312690886072066e-06,3.333333333332966e-07,6.369423026528109e-09,9.999999999998898e-07,0.0,2.866157943235725e-07,4.246283198519845e-09,6.3694267515916545e-09,3.333333333332966e-07,1.0191033251578932e-07,6.709121006242586e-07,3.3524224659982588e-06,0.0,2.103971087589736e-06,0.0,0.0,2.1231422505305516e-09,7.218637280447901e-08,3.3545626326960213e-07,1.061571125265276e-08
309,7.1530704839225e-09,0.0,0.0,0.0,0.0,0.0,0.0,0.0,0.0,0.0,0.0,0.0,0.0,0.0,0.0,0.0,0.0,0.0,0.0,0.0
892,0.0,0.0,0.0,0.0,0.0,0.0,0.0,0.0,0.0,0.0,0.0,0.0,0.0,0.0,0.0,0.0,0.0,0.0,0.0,0.0
301,0.0005164730380554625,5.6424309956010125e-05,0.00025751125529688013,3.7843152255382256e-05,3.9453064572795316e-05,0.00016501873971041384,6.591143445219068e-05,7.244701047520293e-05,2.9076762877172055e-05,3.577554321529785e-05,6.061543675358466e-05,0.00010348424846956937,2.3991877686030555e-05,6.974478547345389e-05,3.52056949972217e-05,2.0748566471444207e-05,2.2322200091270647e-05,8.813565136652458e-05,8.449614359954018e-05,2.3002945956264577e-05
920,4.381556882650997e-06,0.0,0.0,0.0,0.0,0.0,0.0,0.0,0.0,1.5576323987537224e-09,0.0,0.0,0.0,1.5576323987537226e-09,0.0,0.0,0.0,0.0,0.0,0.0
594,0.0,0.0,0.0,0.0,0.0,0.0,0.0,0.0,0.0,0.0,0.0,0.0,0.0,0.0,0.0,0.0,0.0,0.0,0.0,0.0
761,2.7438842401934044e-06,0.0,6.1728358960797106e-09,0.0,0.0,2.777696278321042e-07,4.115225075108739e-09,6.172839506172159e-09,0.0,1.8518492529514003e-08,4.115225090409823e-09,1.8518480384043383e-08,0.0,1.6460878855225644e-08,0.0,0.0,2.057613168724053e-09,6.995839833520498e-08,2.0576131687240534e-09,1.0288065843620266e-08
107,0.0,0.0,0.0,0.0,0.0,0.0,0.0,0.0,0.0,0.0,0.0,0.0,0.0,0.0,0.0,0.0,0.0,0.0,0.0,0.0
747,2.7100265560885557e-09,0.0,0.0,0.0,0.0,0.0,0.0,0.0,0.0,0.0,0.0,0.0,0.0,0.0,0.0,0.0,0.0,0.0,0.0,0.0
988,0.0005167245201321005,3.3018977330669046e-05,4.773357610058569e-05,2.0274700408595298e-05,2.047255419481199e-05,0.00010770564642685413,5.7189070530242675e-05,4.7652063692431866e-05,1.7051979952011024e-05,2.7166058547891352e-05,3.171658525553077e-05,9.846512955602089e-05,1.2780353050499959e-05,4.146600497446642e-05,2.265023220531514e-05,1.0926179789055546e-05,1.1602943926933634e-05,5.713782421550198e-05,4.6944266802248185e-05,1.733195141762406e-05
806,3.415759927742893e-05,5.596061393726356e-06,2.306311930534754e-06,1.1753819912583287e-06,1.7338839240715594e-06,6.585531797702117e-06,6.315378176021507e-07,1.5991939909957002e-06,7.490877853938857e-06,1.046743819980309e-06,1.7132799336950415e-06,6.749348145281995e-05,5.5555180390593654e-08,9.06342646496321e-07,4.765913812309219e-07,5.759966339777713e-07,1.3830207684658127e-06,1.982084603367756e-06,4.77133372836904e-06,0.00024561222852304465
99,2.72108788897055e-09,0.0,0.0,0.0,0.0,0.0,0.0,0.0,0.0,0.0,0.0,0.0,0.0,0.0,0.0,0.0,0.0,0.0,0.0,0.0
250,0.00021451466014823413,0.0001310814803120539,0.00034915074741964804,5.3735681308367226e-05,6.528305471039545e-05,0.00034226220527412053,8.142752505629397e-05,5.422047668105267e-05,2.5494846748467722e-05,1.6879603023665618e-05,5.3390711378128105e-05,0.0005768987669597002,2.670363697987233e-05,5.935019512006833e-05,3.848054240480429e-05,2.7362391861067087e-05,7.206489615896257e-05,2.8312902920169197e-05,0.00017052151427149198,1.977681749671402e-05
833,2.107647183925074e-05,4.2740903870859853e-07,8.977547538837825e-07,7.52670137623921e-07,3.413970368071345e-07,0.00012538687684629198,4.4326652514229805e-06,1.8198135850269087e-06,3.978426118528425e-07,1.3709584674078563e-07,7.983585395230643e-07,8.574435566013165e-07,3.5483652248144104e-07,6.666250120813173e-07,3.5752440923340125e-07,2.0430004480286873e-07,5.376342049526941e-09,3.736484720626072e-07,1.8171260649248474e-06,9.38168430779568e-07
474,5.318791792044744e-07,0.0,0.0,0.0,0.0,1.5957434078923653e-08,0.0,0.0,0.0,1.595742441373015e-08,0.0,0.0,0.0,7.092195921985033e-09,0.0,0.0,0.0,3.5460992907797517e-09,0.0,8.865248226949379e-09
703,0.0,0.0,0.0,0.0,0.0,0.0,0.0,0.0,0.0,0.0,0.0,0.0,0.0,0.0,0.0,0.0,0.0,0.0,0.0,0.0
941,0.002336186343271855,0.0009252832821601278,0.0009295207862348625,0.0007257820106682189,0.0008688735953980128,0.0010223567598881508,0.0008649469017385841,0.0007023687132309442,0.0006051023986941436,0.0005071375350312933,0.0010415681039186737,0.001662503446232157,0.0006129170583601826,0.0013890493988884178,0.0006914178190886917,0.0006377700455523766,0.0008735822694386001,0.0015194889108990973,0.0008692816510954353,0.0016859739378132699
383,0.0,0.0,0.0,0.0,0.0,0.0,0.0,0.0,0.0,0.0,0.0,0.0,0.0,0.0,0.0,0.0,0.0,0.0,0.0,0.0
680,0.0013810788417659581,0.000304516002374413,0.0001497561804440096,0.00027240168906761706,0.0001834816497323679,0.00015283073056549456,0.00014079940397769918,0.0004338135922752614,8.798678657865873e-05,7.360014885194614e-05,0.0002577446938364337,0.00013275164636390268,0.0001561145707834406,0.00020314257299784404,0.00010945297295091282,8.919327315741762e-05,6.495451045786648e-05,9.778776231408656e-05,0.00015885622628751441,4.7814246683409214e-05
181,0.0,0.0,0.0,0.0,0.0,0.0,0.0,0.0,0.0,0.0,0.0,0.0,0.0,0.0,0.0,0.0,0.0,0.0,0.0,0.0
12,5.347234528900599e-07,0.0,0.0,0.0,0.0,1.6042767951003458e-08,0.0,0.0,0.0,1.604275823412443e-08,0.0,0.0,0.0,7.130122103386023e-09,0.0,0.0,0.0,3.565062388591408e-09,0.0,8.912655971478521e-09
613,2.5332538057461474e-07,0.0,0.0,0.0,0.0,3.333333333332966e-09,0.0,0.0,0.0,1.6699983325205477e-06,0.0,0.0,0.0,1.0016661666665562e-06,0.0,0.0,0.0,0.0,0.0,1.666666666666483e-06
85,0.0023802883360929047,0.0008973386437255531,0.0015867662702411637,0.0013200149089676397,0.0008753622862944759,0.0010370809044325028,0.0008675029768614764,0.0007953323024507404,0.0006780099057863351,0.0015286454362962055,0.0010476090107464906,0.001689309715953341,0.0006178929817726149,0.0014064956686876352,0.0006898910476275607,0.0005448319563546391,0.0005459566419049408,0.0007980081613936569,0.0016311829850910024,0.0005328398105297074
320,5.375983101636623e-07,0.0,0.0,0.0,0.0,1.612901939160025e-08,0.0,0.0,0.0,1.6129009622479938e-08,0.0,0.0,0.0,7.168456093189173e-09,0.0,0.0,0.0,3.5842293906806093e-09,0.0,8.960573476701523e-09
649,2.5459837243679873e-07,0.0,0.0,0.0,0.0,3.3500837520934337e-09,0.0,0.0,0.0,1.1725283940026082e-08,0.0,0.0,0.0,6.700164991624052e-09,0.0,0.0,0.0,0.0,0.0,8.375209380233584e-09
710,0.0013895826384845511,0.00016992452316419337,0.000625991296638403,0.0001291218883895643,0.00020882524707912435,0.0002741138928502501,0.0002623099228714873,0.00016682348629722054,0.00010479860608415562,7.128495423135558e-05,0.00015003450909703087,0.0002729907167849473,7.854751169698099e-05,0.0003217156298031737,0.0001060978248679379,7.450596647808558e-05,9.533561708485589e-05,9.659815081281688e-05,0.0004397435139905901,4.602382751238139e-05
385,0.0007249567345600384,7.076886446281553e-06,8.511055212583228e-05,7.406302314217488e-06,4.9461230884182774e-06,2.2612396171028413e-05,4.236849557698612e-06,2.475877457385799e-05,3.3100398314977837e-06,4.191665244000211e-06,6.747179116633169e-05,1.4609308996747709e-05,2.1170506561811848e-06,1.5592177059473585e-05,4.2338451235543605e-06,3.3214006508990413e-06,2.427500986899339e-06,1.4996123231626101e-05,1.8976894823800268e-05,9.031359735182252e-06
890,7.032343555923808e-09,0.0,0.0,0.0,0.0,0.0,0.0,0.0,0.0,0.0,0.0,0.0,0.0,0.0,0.0,0.0,0.0,0.0,0.0,0.0
439,0.0,0.0,0.0,0.0,0.0,0.0,0.0,0.0,0.0,0.0,0.0,0.0,0.0,0.0,0.0,0.0,0.0,0.0,0.0,0.0
135,0.003634447263368874,0.002510073532798974,0.0027923948432744643,0.002482428012776478,0.0024888762867704807,0.0028225073707657707,0.002496360275776632,0.0024459563653281835,0.002366814602562782,0.002342213771669997,0.0024411265295656757,0.0028320273313868502,0.002328344682639877,0.002888106446326538,0.002410443352212951,0.002315347653592665,0.002332180981485006,0.0025593715885041087,0.0027142132917692707,0.0023752480600083745
567,0.0038013751629412647,0.0026222252742486123,0.0029194995794587847,0.002595423129219611,0.0026020070270782293,0.0029530915781682794,0.0026101720901742726,0.002563530823219374,0.0024837253259023277,0.0024488497655940833,0.0025526759451574474,0.002956082636984718,0.0024316065508193816,0.0030193840120686533,0.0025200089591317213,0.0024220310753116283,0.002438227792175158,0.0026766306359006465,0.002841867527567969,0.0024832899122029664
298,0.00033300792654172574,1.3125779646223537e-06,2.326719729643972e-06,8.524657316071972e-07,7.492451360381761e-07,6.643810840159657e-06,6.371260889633931e-07,1.613341904560288e-06,5.574937522568472e-07,1.0560070396261525e-06,1.395141831019664e-06,6.574798671191892e-05,3.893745478064933e-07,9.143625758081057e-07,4.808085823113891e-07,5.810934395911727e-07,6.194643990468043e-08,1.999625175078975e-06,3.4803620137639406e-06,3.194023451615463e-06
160,0.00399380847569617,0.0027537777521867823,0.003065625467358761,0.0027254023348893524,0.0027321073784321416,0.0031046021997378813,0.002741059117801479,0.002693293881379487,0.0026079406061796915,0.002571640084536823,0.002686501671970273,0.003110557213366641,0.0025559307580689562,0.0031703532126720864,0.002646009407088308,0.0025433883790986498,0.0025604099367916213,0.0028188756345040892,0.0029855449295713675,0.0026077669093363502
268,6.885701112567773e-08,0.0,0.0,0.0,0.0,0.0,0.0,0.0,0.0,1.5649452269168854e-09,0.0,0.0,0.0,1.5649452269168856e-09,0.0,0.0,0.0,0.0,0.0,0.0
658,0.00021043168538362251,9.254821245644682e-06,5.6442562450426334e-05,7.268478347850553e-06,5.648095012295573e-06,5.7138994611609586e-05,1.454834971520418e-05,1.4507012771143911e-05,4.557809187109954e-06,5.475877644887869e-06,1.1278171612007085e-05,4.136544176495202e-05,4.451618890478347e-06,2.212151526849952e-05,4.0751649221325395e-06,2.7768000925163243e-06,3.8340050038964705e-06,1.877833886737143e-05,1.561589302850735e-05,1.1758785118248544e-05
996,0.0002377287352009242,3.0409878489771416e-06,1.7808626100279016e-05,3.184337131821824e-06,1.6747363865441463e-06,4.347338974916891e-05,3.888424471698857e-06,6.0800829281641104e-06,2.239902516274995e-06,4.087520000357649e-06,5.3634093396451726e-06,1.9842577596122878e-05,1.7506940220289579e-06,1.6334338093560435e-05,1.5271286922669332e-06,1.1053396924222246e-06,1.733869395658474e-06,1.579272328744446e-05,6.412305090080884e-06,9.782477865289366e-06
641,2.0648920349483133e-08,0.0,0.0,0.0,0.0,0.0,0.0,0.0,0.0,1.474926253687153e-09,0.0,0.0,0.0,0.0,0.0,0.0,0.0,0.0,0.0,0.0
906,0.0005675185764543408,0.00022461760355121883,0.00022215854664605836,0.00019279353458442682,0.00020818977744517454,0.0010349291919321863,0.0002707079217942023,0.0002535087748551925,0.00015486758196874326,0.00023792811734200681,0.0003648091948819842,0.0009637547024790574,0.00012770819772427096,0.0003298316377984506,0.00017077443104660553,0.0001460323390924467,0.00024292119592757186,0.0001544490025936941,0.0002122500448088246,0.001285185574083558
805,4.174150115058697e-05,3.605892394574448e-07,2.6203119998154002e-06,2.1211537595388398e-07,9.999869424518667e-08,6.828029890530152e-06,3.999797145732215e-07,6.847935472203917e-07,2.4241728870792815e-07,1.0848072316159567e-06,5.848056717889798e-07,3.816353547717499e-06,6.666611546591388e-08,6.090542497610987e-07,1.636331086081769e-07,2.60602803084455e-07,6.66661339663908e-08,2.054160407126584e-06,5.999513702948612e-07,3.2811331821140666e-06
893,4.1322297227565805e-09,0.0,0.0,0.0,0.0,0.0,0.0,0.0,0.0,0.0,0.0,0.0,0.0,0.0,0.0,0.0,0.0,0.0,0.0,0.0
389,1.1921655294689323e-05,0.0,0.0,0.0,0.0,3.3670033670029964e-09,0.0,0.0,0.0,1.178450254578379e-08,0.0,0.0,0.0,6.7340042087534666e-09,0.0,0.0,0.0,0.0,0.0,8.417508417507491e-09
121,2.5869729748031848e-05,0.0,0.0,0.0,0.0,1.6216203280203495e-08,0.0,0.0,0.0,1.6216193458277127e-08,0.0,0.0,0.0,7.207204504503709e-09,0.0,0.0,0.0,3.603603603603207e-09,0.0,9.009009009008018e-09
837,0.001198958002918881,0.00017159931125271282,5.75957118532568e-05,5.094976397643229e-05,7.893840315127061e-05,7.042678042023559e-05,4.662057799261395e-05,0.00041494507684022267,3.0921632923373e-05,1.9533068355231917e-05,5.730895022293574e-05,0.0006189490908013533,3.214625874467289e-05,7.04546859436322e-05,0.00016526828861058613,2.6797348413200893e-05,8.246524095373285e-05,0.0008618756005379096,0.00010442246263589082,2.1895913303524598e-05
187,6.96257159559706e-05,4.09100323249464e-06,7.177113392122387e-05,4.750727650890417e-06,3.6323418656494914e-06,8.631282172081895e-06,7.912938079706994e-06,1.0577072953292882e-05,1.7753088750307315e-06,3.458182922385265e-06,5.03226440614795e-06,6.959980880041229e-06,3.615476968057209e-05,4.647087398126895e-06,9.764073375593899e-06,1.3365903719508056e-05,6.386350903216357e-05,6.719497947756239e-06,1.1865666254326458e-05,8.12005699023608e-06
16,0.002928942712341095,0.001904528882199585,0.002221774110282332,0.0018013205570858463,0.0019474937043542717,0.002236672999139576,0.0017506221324593073,0.0017848467859929687,0.001739766975770934,0.0016014032744330203,0.0016892071967426186,0.002209489779030886,0.0016198050760885898,0.002349960261046886,0.0018281842671295516,0.0015716701664713838,0.00170055832545249,0.001804493470018828,0.002216617316841663,0.0016364688745964429
773,0.0004881773047640337,1.5618819566449982e-06,6.091685604496482e-05,2.748053386878864e-06,1.8659082150587276e-06,8.61885185834855e-06,1.3912664212911562e-05,1.8526005381380997e-06,1.3430199689971555e-06,3.322581131641855e-06,3.3227098496124057e-06,1.1560301280449669e-05,3.097949766813798e-06,5.6419446771996626e-05,1.3626200029535785e-06,1.3168917956392236e-06,4.6403709914738535e-07,4.504430678229836e-06,1.0389042996183069e-05,7.475589238153461e-06
493,7.03433632839374e-05,1.2131214899575578e-05,9.321586540641629e-06,3.799885634576624e-06,4.669650215784181e-06,0.0004978197492534824,1.7658120452277438e-05,3.3562060418460067e-06,1.4603164196425278e-06,3.4938307275821e-06,4.4177034831749175e-06,1.3019667772225601e-05,1.195749855748551e-06,4.694971561574605e-06,1.8657303404394895e-06,1.1716947938862686e-06,1.5255568083495805e-06,6.788764195157903e-06,1.2653948280332747e-05,8.203760546777697e-06
341,1.1964420445701562e-06,0.0,0.0,0.0,0.0,8.239633915422309e-08,0.0,0.0,0.0,1.6853908931355438e-08,0.0,1.8726591760297565e-09,0.0,9.363289000163334e-09,0.0,0.0,0.0,9.363289773651467e-09,0.0,9.363295880148783e-09
426,9.277248395669704e-05,2.1367521367519013e-09,1.673073714201466e-06,6.410256410255704e-09,0.0,2.8845307505641594e-07,6.709393149286137e-07,6.4102564102557035e-09,2.1367521367519013e-09,1.0256360387807003e-07,8.547001808053473e-09,4.0598128508381146e-08,0.0,1.1752050184541903e-07,0.0,0.0,2.1367521367519013e-09,7.264910596348209e-08,4.273502912515181e-09,1.0683760683759508e-08
467,2.5342727126496325e-05,0.0,0.0,0.0,0.0,4.682948175417545e-06,0.0,0.0,0.0,1.6304324944463417e-08,0.0,0.0,0.0,3.405789827900893e-07,0.0,0.0,0.0,1.0036221014491649e-06,0.0,9.057971014491757e-09
106,0.0,0.0,0.0,0.0,0.0,0.0,0.0,0.0,0.0,0.0,0.0,0.0,0.0,0.0,0.0,0.0,0.0,0.0,0.0,0.0
408,0.0001447666025741031,4.629628126502616e-09,1.0879497555424809e-07,3.4490624086344887e-07,0.0,1.208164404560514e-06,1.3587860417146147e-06,9.259254502789439e-09,3.356479166666297e-07,1.1111057086790921e-07,6.921244688832362e-07,2.2221633385532077e-07,0.0,2.800860900644784e-07,0.0,0.0,2.3148148148145596e-09,7.870319812710558e-08,1.0208270379906872e-06,1.15740740740728e-08
23,3.743316397546046e-05,2.3241965775378e-06,2.9331175619206712e-05,8.600755105220265e-07,7.559334868150597e-07,7.035793600079257e-06,6.428141458951298e-07,1.627742421542332e-06,5.62470877282576e-07,1.0654356739085287e-06,1.4075947175238637e-06,5.725157949524364e-06,3.92850758613205e-07,9.225257109826639e-07,4.851010867886496e-07,2.529732190284148e-07,6.249953311811508e-08,2.0174789712850374e-06,4.844537292983609e-06,3.222541518147744e-06
831,0.00035582869531156113,1.1952105308121124e-05,2.8372381985173515e-05,7.803172224299698e-06,6.909340354725381e-06,5.903023077802379e-05,1.5458125556823236e-05,2.091356129634184e-05,5.0863527021068226e-06,5.8479435909728685e-06,1.0637526032787972e-05,5.121180321638833e-05,4.996878780798761e-06,2.3498394146277493e-05,6.934457847695135e-06,3.217595812072131e-06,5.121211922271118e-06,3.191830584294028e-05,1.7735675657726852e-05,1.225851310498303e-05
69,1.340514362456397e-06,0.0,0.0,0.0,0.0,0.0,0.0,0.0,0.0,0.0,0.0,0.0,0.0,0.0,0.0,0.0,0.0,0.0,0.0,0.0
900,3.8499712474976035e-05,2.363679059179184e-06,4.1280343748024e-05,2.2139329517443174e-06,1.1008858386242976e-06,6.890672366590062e-06,1.106902424229527e-05,5.690039442742496e-06,9.112590389374238e-07,0.00018536755271946032,1.9232681264270313e-06,7.513796129690956e-06,7.339309423244857e-07,4.1607081808016385e-05,6.831470727795165e-06,5.963006884567473e-07,4.006043554326485e-07,2.4061319481905976e-06,5.937820115822136e-06,3.311235321399517e-06
676,0.00023388371488657883,4.308835614549784e-07,2.0901622183014306e-05,7.587881831816153e-07,3.4417234491366667e-07,4.88054736023667e-06,4.1353365475701605e-06,5.013352939811254e-07,4.01076781182856e-07,1.38210447120792e-07,8.048479612126185e-07,8.644146424273435e-07,2.4390189458384505e-08,6.720441856551393e-07,3.604308210772425e-07,2.059610207768758e-07,5.420052147490575e-09,3.7668626451840075e-07,1.4985752583467187e-06,9.45795816395662e-07
801,2.796593822427495e-05,8.502417039418783e-07,2.485852610415755e-05,1.132726322978253e-06,7.03382326350945e-07,6.362293431678316e-06,5.231284194372883e-06,1.197601887912193e-06,4.7455988941751594e-07,0.0001024729773038966,8.445930645679403e-07,5.6052929606012276e-05,7.090308677364539e-07,2.1031611023549027e-05,3.4321034137624242e-06,5.564732351626587e-07,1.35309940010101e-06,1.0253432200236731e-06,2.2794827264127966e-06,9.858719103107327e-07
599,0.001590011846876673,0.00019821860346589632,0.00037974207392269096,0.0005562282630583923,0.00020071091256630867,0.0002589384090283213,0.0002002429542386446,0.0004956564383868772,0.00014998712479873273,0.00010949085263389143,0.0003584628104606267,0.0001996665355345742,0.00012064503078136428,0.00032430944234085405,0.00027557037976945486,0.0001409581805121992,0.00010838303309723,0.0001526770713945151,0.00020862357335965122,9.500554220731787e-05
643,0.0020857444727982117,0.0005228113271834964,0.0012594966281132642,0.0005542418369485323,0.0005731946665190381,0.0006748866296878244,0.0006108759696773812,0.0005245770166040834,0.0007721941622396149,0.0013716929843449945,0.0008164717145046944,0.0005302631615550983,0.0003882537183534127,0.0009764317687187956,0.0005131523400042554,0.00037456220869986056,0.000339951756071447,0.0005180825015646136,0.0014279512168707022,0.0003014403092754755
339,1.210037976894817e-06,0.0,0.0,0.0,0.0,8.333266119006654e-08,0.0,0.0,0.0,1.7045430623757206e-08,0.0,3.787877717856114e-09,0.0,9.469690011528827e-09,0.0,0.0,0.0,9.469690793806598e-09,0.0,9.469696969695928e-09
701,2.252833937241572e-06,0.0,5.9880204500893e-09,0.0,0.0,1.636700060342769e-07,0.0,0.0,0.0,1.7964046645396816e-08,1.9960079840317165e-09,1.197603268607277e-08,0.0,9.98003258700044e-09,0.0,0.0,1.996007984031716e-09,3.592806043436364e-08,0.0,9.980039920158584e-09
873,0.0009257661405935985,1.6104415849670522e-05,2.154065414344921e-05,1.8714341511073785e-05,1.58792206919466e-05,0.0006910850261650205,8.30599510117379e-06,1.0005733838474088e-05,6.042717677823287e-06,5.5937512403892835e-06,8.038794445388594e-05,0.0002925566570526328,4.611412019794866e-06,2.042406115630555e-05,6.318785769710189e-06,3.978430479145843e-06,4.265953432961741e-06,1.7004427874997106e-05,4.1771016137098883e-05,1.0505255676647768e-05
74,0.0,0.0,0.0,0.0,0.0,0.0,0.0,0.0,0.0,0.0,0.0,0.0,0.0,0.0,0.0,0.0,0.0,0.0,0.0,0.0
218,1.7303753064410164e-05,2.820503063409539e-08,3.9485284907059747e-07,6.92302647928461e-08,5.1282031857026214e-09,2.7990743635523577e-06,9.487069993398716e-08,6.66662853417768e-08,2.564098006531934e-08,1.2307632465368407e-07,9.487066310066572e-08,5.23044973725928e-07,1.794869722383371e-08,3.1024920745603767e-07,5.128205128204563e-09,1.7692307692307733e-07,5.12820318570262e-09,3.5640315796740994e-07,1.0512675908097366e-07,1.2820512820511407e-08
525,7.042337811176066e-05,9.269704404160174e-07,8.42118362556982e-06,8.401883221655494e-07,3.853968532612747e-07,1.3573383395111203e-05,1.1803747201491688e-06,1.7253450470658173e-06,4.7566618538071717e-07,3.1972075456753434e-06,1.4649983103003993e-06,6.8346841972363325e-06,5.416447545513824e-07,3.078725758576929e-06,5.520447421729983e-07,5.173343071532674e-07,8.749531708274435e-07,6.526792763171115e-06,1.7912363420429207e-06,7.956670173906822e-06
265,4.149375904178807e-09,0.0,0.0,0.0,0.0,0.0,0.0,0.0,0.0,0.0,0.0,0.0,0.0,0.0,0.0,0.0,0.0,0.0,0.0,0.0
891,0.0011987806339350266,0.00010479468159381291,0.00037709984099854147,6.977406402730524e-05,7.6534100825271e-05,7.531109876473742e-05,0.0001991578865349481,6.0313247655970035e-05,4.343737267097233e-05,2.323901207648611e-05,5.5320664747341664e-05,7.233208230972616e-05,4.3680413698865036e-05,8.507979012509503e-05,5.394494826756043e-05,3.8232050617500455e-05,2.882856118607181e-05,4.7586201054791144e-05,0.00021296521020458358,2.4399448858681084e-05
110,5.764102000838144e-05,9.575955459781403e-06,1.2597275501672624e-05,2.1439433030548047e-05,2.217684868430194e-06,8.704169958229505e-06,1.3383339581597412e-05,5.6523316618432557e-05,5.022587811764764e-06,3.355474684845109e-06,9.020512559859683e-06,6.684103683719557e-06,4.6203123323932343e-07,5.463661306232526e-05,1.3761072427253872e-06,9.96626085918663e-07,4.686310664289444e-07,0.00020329732260659662,9.825182435439062e-06,7.5496049731846835e-06
435,0.0013097725768955377,0.000644028968970188,0.0006027297120310391,0.0005501533501258753,0.0005830252939148378,0.0014456239201678473,0.000576237266650951,0.0006062067672814863,0.0007695554640218442,0.0003344487866279482,0.0014056672959154957,0.0013938206686696245,0.0004127951047925521,0.0009792034777998178,0.000507859118746718,0.0004051803094895335,0.00033355209593845145,0.0005179072812722251,0.0014429547224797331,0.00029754497165778826
980,1.2169524796199303e-06,0.0,3.333333333332966e-07,0.0,0.0,8.380884782543835e-08,0.0,0.0,0.0,1.714283308446439e-08,0.0,3.809522733386721e-09,0.0,9.52380252588042e-09,0.0,0.0,0.0,9.52380331262835e-09,0.0,9.523809523808477e-09
632,1.0207210696206034e-07,0.0,0.0,0.0,0.0,6.666666666665932e-07,0.0,0.0,0.0,1.5948963317382613e-09,0.0,0.0,0.0,1.5948963317382615e-09,0.0,0.0,0.0,0.0,0.0,0.0
185,0.0003933419317776008,2.3855518448434774e-06,3.999298196021485e-05,1.9011101540427348e-06,1.777720612769171e-06,6.954474888502932e-06,8.394229377569205e-07,1.4102795215688307e-06,9.1969493511455e-07,2.8111258204229305e-06,7.273429608513458e-06,7.583291786671959e-06,4.07399314071997e-07,1.666359349044676e-06,8.950096773076819e-07,9.351279208349566e-07,4.043132840900291e-07,2.4284087198109285e-06,6.325979253804536e-06,3.3418949077087717e-06
286,0.0002365388539352315,3.0799748726819768e-06,1.803694181951336e-05,3.2251619668451804e-06,1.6962073658588148e-06,4.403074089979928e-05,3.938276067489868e-06,6.1580327092944195e-06,1.9354765578541937e-06,4.139924102926337e-06,5.432170997845751e-06,2.0096969616585992e-05,1.7731388171831752e-06,1.6543752684503518e-05,1.5467072652447143e-06,1.1195107141199453e-06,1.7560984904746083e-06,1.7653863168439026e-05,6.4945141296973065e-06,9.907894248177691e-06
582,0.0,0.0,0.0,0.0,0.0,0.0,0.0,0.0,0.0,0.0,0.0,0.0,0.0,0.0,0.0,0.0,0.0,0.0,0.0,0.0
899,0.0,0.0,0.0,0.0,0.0,0.0,0.0,0.0,0.0,0.0,0.0,0.0,0.0,0.0,0.0,0.0,0.0,0.0,0.0,0.0
459,1.6873969896486328e-06,0.0,0.0,0.0,0.0,0.0,0.0,0.0,0.0,1.4814814814813183e-09,0.0,0.0,0.0,0.0,0.0,0.0,0.0,0.0,0.0,0.0
415,0.0018453736308422753,0.0003229425841451917,0.0011186551903526118,0.0003556245724608857,0.00038661573576598995,0.00043138598647467826,0.00052393817869514,0.0005024397152814183,0.0003606736865185982,0.0002562299755065544,0.0007227152740579459,0.0006638184816718394,0.0003225685204132163,0.0008421080922651164,0.00042326735209632357,0.00031365059690738567,0.0002909718134802892,0.0011756425419502908,0.0012424847467672677,0.00022861253728076743
61,0.004218956483672256,0.002910565392007931,0.003236191099826347,0.0028772985347855027,0.0028838911216783718,0.0032794663509350033,0.0028941842813304313,0.002841997218663334,0.002752942142681949,0.002710558378084568,0.0028366548530328614,0.0032833659474425653,0.002699422133751346,0.0033464839467094243,0.002793009929704325,0.00268626377537955,0.002703093261814128,0.0029739415917044492,0.003153774131931678,0.0027531382834283073
347,1.8554582919200599e-07,0.0,0.0,0.0,0.0,3.284072249589129e-09,0.0,0.0,0.0,3.2840714485958976e-09,0.0,0.0,0.0,1.6420361247945648e-09,0.0,0.0,0.0,0.0,0.0,0.0
349,0.0009277436317251019,0.0005991319926324464,0.0011235391559641233,0.0006857043868644853,0.0005133739609806054,0.0009371661937514326,0.0005180353974078608,0.0004364522678297014,0.00035316090212687064,0.0002496903481951917,0.0003770206087995541,0.000362793696409835,0.0003202120721472776,0.000840828242306968,0.0004258005250719373,0.0003061721356154897,0.0002837245952020799,0.0011820965775794022,0.00034414192186455546,0.00022286429011008531
